id,bedrooms,bathrooms,sqft,latitude,longitude,cat,dog,parking,cooling,heating,zestimate,type,laundry,price
70336972.0,3.0,3.0,2800.0,30.323176,-97.96047800000001,1,1,2.0,Central,Forced air,2500.0,Single Family,Contact manager,2800
80090059.0,3.0,2.0,1650.0,30.360702000000003,-97.644152,0,0,2.0,Other,Forced air,1695.0,Single Family,In Unit,1800
145656805.0,4.0,2.0,2467.0,30.231999,-97.594318,0,1,2.0,Central,Forced air,1841.0,Single Family,Contact manager,1795
29492163.0,3.0,2.0,1535.0,30.209033,-97.88748100000001,0,1,2.0,Other,Forced air,2100.0,Single Family,In Unit,2100
29409850.0,3.0,1.0,1340.0,30.255240999999998,-97.768304,0,1,1.0,Other,Forced air,1850.0,Single Family,In Unit,2395
29486270.0,3.0,2.0,1507.0,30.207704999999997,-97.837963,1,1,2.0,Other,Forced air,1850.0,Single Family,Contact manager,1700
2105868794.0,3.0,2.0,1750.0,30.347069,-97.689279,1,1,,Central,Other,1850.0,Townhouse,In Unit,1950
29371804.0,4.0,2.0,1394.0,30.429301000000002,-97.77686899999999,1,1,2.0,Central,Forced air,1850.0,Single Family,In Unit,1695
63835769.0,4.0,2.0,2500.0,30.294256,-97.73530600000001,0,0,2.0,Central,Forced air,2750.0,Multi Family,In Unit,5000
29413654.0,4.0,2.0,1727.0,30.330175,-97.69787,0,0,,Central,Forced air,1690.0,Single Family,Contact manager,1595
29500490.0,2.0,2.0,850.0,30.197903999999998,-97.761431,0,0,2.0,Central,Other,1350.0,Apartment,Contact manager,1050
2101499422.0,2.0,1.0,1350.0,30.26084,-97.72639000000001,1,1,,Other,Forced air,2200.0,Townhouse,In Unit,2550
2080462490.0,2.0,1.0,630.0,30.321781,-97.719381,0,0,,Other,Forced air,,Apartment,Contact manager,1950
29413301.0,2.0,1.0,1050.0,30.339071,-97.72300899999999,1,1,1.0,Other,Forced air,1800.0,Single Family,In Unit,1900
2080345233.0,4.0,3.0,2272.0,30.236403000000003,-97.732753,1,1,2.0,Central,Forced air,,Single Family,In Unit,3500
144194468.0,3.0,2.0,2000.0,30.379577,-97.970268,1,1,2.0,Other,Forced air,2300.0,Single Family,In Unit,2550
2086486170.0,2.0,1.0,1004.0,30.270564,-97.749004,1,1,,Other,Other,1550.0,Apartment,Contact manager,1600
2103605432.0,3.0,2.0,1250.0,30.282448,-97.692856,1,1,2.0,Other,Forced air,1940.0,Apartment,In Unit,2200
58298207.0,4.0,3.0,3180.0,30.358745000000003,-97.962964,1,1,2.0,Central,Forced air,2900.0,Single Family,Contact manager,3000
58298755.0,3.0,2.0,2461.0,30.376687,-97.796981,1,1,2.0,Central,Forced air,2600.0,Single Family,In Unit,3800
70342485.0,3.0,2.0,2068.0,30.147643,-97.743098,0,0,2.0,Other,Forced air,1795.0,Single Family,In Unit,1775
2088233967.0,2.0,1.0,870.0,30.335223,-97.70800899999999,0,0,1.0,Central,Forced air,1419.0,Multi Family,Contact manager,1550
2080982785.0,2.0,2.0,1034.0,30.439402,-97.74349000000001,0,0,,Other,Forced air,,Single Family,In Unit,2500
2080270766.0,2.0,2.0,1000.0,30.311062,-97.72892,0,0,,Other,Forced air,,Single Family,In Unit,2000
29419038.0,3.0,1.0,1000.0,30.345947,-97.727339,0,0,1.0,Other,Forced air,1800.0,Single Family,In Unit,1800
145653280.0,3.0,2.0,2128.0,,,0,0,2.0,Other,Forced air,2150.0,Apartment,In Unit,3000
2118492553.0,1.0,1.0,610.0,30.308874,-97.746716,1,1,,Central,Forced air,1650.0,Apartment,In Unit,1195
29377317.0,3.0,2.0,2149.0,,,0,0,2.0,Central,Forced air,1825.0,Apartment,Contact manager,2100
29410349.0,2.0,1.0,800.0,30.319267,-97.755076,1,1,1.0,Other,Forced air,1630.0,Apartment,In Unit,1825
145551619.0,3.0,2.0,1462.0,30.171103000000002,-97.697749,1,1,2.0,Central,Forced air,1785.0,Single Family,Contact manager,1750
60135572.0,3.0,2.0,1826.0,30.169227000000003,-97.835748,0,1,1.0,Other,Forced air,1850.0,Single Family,In Unit,2100
29329277.0,3.0,1.0,1308.0,30.279497999999997,-97.771457,0,1,1.0,Central,Forced air,2450.0,Single Family,In Unit,4100
2095145842.0,1.0,1.0,610.0,30.27004,-97.74763,1,1,,Other,Forced air,,Condo,Shared,2200
2093636667.0,1.0,1.0,520.0,30.29056,-97.73275799999999,0,0,,Central,Forced air,,Single Family,Contact manager,1100
2080666637.0,1.0,1.0,795.0,30.282427000000002,-97.70468199999999,0,1,,Other,Forced air,,Multi Family,In Unit,1950
29331607.0,4.0,2.0,3296.0,30.28765,-97.767761,1,1,2.0,Central,Forced air,4800.0,Single Family,In Unit,5500
305427589.0,3.0,2.0,1884.0,30.28094,-97.707762,0,0,1.0,Central,Forced air,2600.0,Condo,In Unit,4400
89549945.0,2.0,2.0,1051.0,30.208715,-97.817274,1,1,,Central,Forced air,1591.0,Condo,In Unit,2100
29435777.0,3.0,2.0,1195.0,30.39535,-97.70139,1,1,2.0,Central,Forced air,1600.0,Single Family,,1600
2080444356.0,3.0,2.0,1646.0,30.294131,-97.703622,0,0,,Other,Forced air,,Townhouse,In Unit,2700
29407401.0,3.0,2.0,1713.0,30.316356,-97.674599,1,1,2.0,Central,Forced air,2075.0,Single Family,In Unit,2150
29455603.0,4.0,2.0,2145.0,30.44308,-97.672825,1,1,2.0,Central,Forced air,1900.0,Single Family,In Unit,1900
2100855352.0,2.0,1.0,2092.0,30.309222,-97.723434,0,0,,Other,Forced air,1595.0,Multi Family,Shared,1995
2080301814.0,3.0,2.0,,30.394407,-97.70104,1,1,,Other,Forced air,,Single Family,In Unit,1675
29332323.0,2.0,1.0,647.0,30.288542,-97.77194200000001,1,1,,Central,Forced air,1400.0,Condo,Contact manager,2100
2080774313.0,2.0,1.0,1495.0,30.371572999999998,-97.737135,0,1,,Other,Forced air,,Apartment,In Unit,1695
70326846.0,3.0,2.0,1571.0,30.293043,-97.642674,1,1,1.0,Other,Forced air,1750.0,Single Family,Contact manager,1695
58312557.0,2.0,2.0,1053.0,30.235159000000003,-97.80790400000001,1,1,1.0,Other,Forced air,1690.0,Single Family,In Unit,2100
2080370406.0,1.0,1.0,565.0,30.309099,-97.72845600000001,1,1,,Central,Forced air,,Condo,In Unit,925
29414266.0,2.0,1.0,720.0,30.332284,-97.735698,1,1,1.0,Central,Forced air,1850.0,Single Family,Contact manager,1850
2132254138.0,3.0,3.0,1853.0,,,1,1,2.0,Central,Forced air,2100.0,Multi Family,Contact manager,2350
29503728.0,3.0,2.0,1650.0,30.183107,-97.80592,0,0,1.0,Other,Forced air,1780.0,Single Family,In Unit,1695
29350980.0,4.0,4.0,2272.0,30.335718,-97.969571,1,1,,Central,Forced air,1800.0,Condo,In Unit,2800
29340523.0,3.0,3.0,3790.0,,,1,1,3.0,Central,Forced air,2600.0,Single Family,In Unit,12000
70343377.0,4.0,2.0,2697.0,30.197069,-97.74894300000001,1,1,2.0,Other,Forced air,1795.0,Single Family,Contact manager,1795
58306427.0,3.0,2.0,1361.0,30.417333000000003,-97.717939,0,0,2.0,Other,Forced air,1800.0,Single Family,In Unit,1725
29402959.0,2.0,1.0,964.0,30.313778999999997,-97.750574,1,1,1.0,Other,Forced air,2400.0,Single Family,In Unit,2450
58304657.0,3.0,2.0,1752.0,30.412694000000002,-97.731196,1,0,1.0,Central,Forced air,1895.0,Single Family,Contact manager,1895
64785928.0,7.0,5.0,3433.0,30.359219,-97.9512,0,0,2.0,Central,,650002.0,Single Family,,599900
2111721017.0,2.0,2.0,1450.0,30.44308,-97.672825,1,1,1.0,Other,Forced air,1850.0,Apartment,In Unit,1650
2087168656.0,2.0,1.0,1764.0,30.200678000000003,-97.783837,0,0,1.0,Central,Forced air,1320.0,Multi Family,Contact manager,1250
29384174.0,4.0,2.0,2117.0,30.257737,-97.57639300000001,0,0,,Central,Forced air,1575.0,Single Family,Contact manager,1500
29433311.0,3.0,2.0,1079.0,,,1,1,2.0,Central,Forced air,1600.0,Single Family,Contact manager,1600
29373138.0,5.0,4.0,3614.0,,,1,1,2.0,Other,Forced air,2800.0,Single Family,In Unit,2800
70346287.0,3.0,2.0,1385.0,30.158484,-97.834745,0,0,2.0,Other,Forced air,1650.0,Single Family,In Unit,1675
29435379.0,1.0,1.0,565.0,30.395033,-97.66986899999999,1,1,,Central,Forced air,964.0,Condo,In Unit,1150
2089714782.0,3.0,2.0,2005.0,30.246209999999998,-97.829769,1,1,,Other,Forced air,,Single Family,In Unit,2800
29349269.0,4.0,3.0,2962.0,,,1,1,2.0,Central,Forced air,4200.0,Single Family,In Unit,2900
29343690.0,3.0,2.0,1896.0,30.338006,-97.866908,1,1,2.0,Central,Forced air,2600.0,Single Family,In Unit,2795
70352723.0,4.0,3.0,3444.0,30.36474,-97.90559,1,1,4.0,Central,Forced air,3500.0,Single Family,Contact manager,4000
83826362.0,4.0,3.0,4634.0,,,1,1,2.0,Central,Forced air,2600.0,Single Family,In Unit,7900
2080535133.0,1.0,1.0,730.0,30.231146999999996,-97.881124,1,1,,Other,Forced air,,Multi Family,In Unit,1299
29480277.0,3.0,1.0,1048.0,30.220482,-97.773628,1,1,1.0,Central,Forced air,1750.0,Single Family,Contact manager,1900
2090305760.0,3.0,2.0,1590.0,,,1,1,1.0,Central,Forced air,2000.0,Condo,In Unit,2395
251033886.0,3.0,3.0,1667.0,30.135635999999998,-97.762752,1,1,2.0,Central,Forced air,1850.0,Single Family,In Unit,1795
29407286.0,3.0,1.0,1008.0,30.313209999999998,-97.68329,1,1,1.0,Central,Forced air,1700.0,Single Family,Contact manager,2000
29419080.0,2.0,1.0,1250.0,30.346179,-97.72675699999999,1,1,,Other,Forced air,2095.0,Single Family,In Unit,1995
29385877.0,2.0,2.0,1011.0,30.270564,-97.749004,1,1,2.0,Central,Forced air,2150.0,Condo,In Unit,2500
29401324.0,1.0,1.0,399.0,30.309099,-97.72845600000001,0,0,,Central,Forced air,950.0,Condo,Contact manager,1050
29509105.0,3.0,3.0,1895.0,30.180576000000002,-97.802836,1,1,1.0,Other,Forced air,1795.0,Single Family,In Unit,1785
2080367945.0,,1.0,400.0,30.393731,-97.91816999999999,0,0,,Other,Forced air,,Single Family,Shared,900
2090750563.0,3.0,2.0,1858.0,30.34846,-98.01487,0,0,2.0,Other,Forced air,2300.0,Townhouse,In Unit,2895
2080387429.0,3.0,2.0,2328.0,,,1,1,2.0,Central,Forced air,,Condo,Contact manager,3800
124843551.0,3.0,2.0,1557.0,30.332397999999998,-97.736384,1,0,3.0,Central,Forced air,2600.0,Condo,In Unit,2950
29481617.0,4.0,2.0,2300.0,30.225208000000002,-97.870303,0,0,2.0,Central,Forced air,2575.0,Single Family,In Unit,2800
29385282.0,1.0,1.0,1000.0,30.246610999999998,-97.77476800000001,0,1,,Central,Forced air,1850.0,Single Family,In Unit,1995
124844233.0,4.0,2.0,3025.0,30.356407,-97.62206,1,1,2.0,Central,Forced air,2000.0,Single Family,In Unit,2250
94642786.0,2.0,1.0,938.0,30.259914000000002,-97.730427,0,0,2.0,Central,Forced air,2300.0,Single Family,In Unit,3400
29494754.0,3.0,2.0,1250.0,30.198565999999996,-97.796921,0,1,2.0,Central,Forced air,1700.0,Single Family,In Unit,2500
70337388.0,4.0,3.0,4243.0,30.363908000000002,-97.89372900000001,1,1,2.0,Central,Forced air,3200.0,Single Family,Contact manager,3900
29389207.0,1.0,1.0,450.0,30.26084,-97.72639000000001,1,1,1.0,Central,Forced air,2200.0,Single Family,Contact manager,1800
2080628939.0,2.0,2.0,1100.0,,,0,0,,Other,Forced air,,Apartment,Contact manager,1325
2102949319.0,2.0,1.0,1575.0,30.309222,-97.723434,1,1,1.0,Central,Forced air,1600.0,Multi Family,Contact manager,1675
124836154.0,4.0,2.0,2632.0,30.360447999999998,-97.95172600000001,1,1,2.0,Central,Forced air,2300.0,Condo,Contact manager,2500
2120292466.0,3.0,2.0,1310.0,30.279486,-97.683525,1,1,,Other,Forced air,1850.0,Apartment,In Unit,2185
29353770.0,2.0,2.0,1190.0,,,1,1,1.0,Central,Forced air,1973.0,Single Family,Contact manager,1695
2080687322.0,2.0,2.0,1400.0,30.383175,-97.879674,0,0,,Other,Forced air,,Apartment,In Unit,3000
29345078.0,3.0,2.0,1412.0,30.343617,-97.863734,0,1,2.0,Central,Forced air,1995.0,Single Family,Contact manager,2395
29400695.0,3.0,3.0,2052.0,30.302458,-97.721676,1,1,1.0,Central,Forced air,2500.0,Condo,In Unit,2495
29327427.0,1.0,1.0,876.0,30.274462,-97.75571,1,1,,Central,Forced air,1975.0,Condo,In Unit,2100
2098013970.0,3.0,2.0,1360.0,30.367062,-97.977559,0,0,2.0,Central,Forced air,1650.0,Multi Family,Contact manager,1595
2080518585.0,3.0,2.0,1967.0,30.249083000000002,-97.89425200000001,1,1,,Other,Forced air,,Apartment,Contact manager,3200
58305248.0,3.0,2.0,1660.0,30.415017,-97.72655400000001,1,1,2.0,Central,Forced air,1895.0,Single Family,Contact manager,2175
70345610.0,3.0,2.0,1272.0,30.233496999999996,-97.589054,0,1,2.0,Central,Forced air,1480.0,Single Family,Contact manager,1480
29364615.0,3.0,1.0,1974.0,30.404428999999997,-97.911335,1,1,1.0,Central,Forced air,2514.0,Single Family,In Unit,5000
29505053.0,4.0,2.0,2945.0,30.189403000000002,-97.897091,1,1,2.0,Central,Forced air,2500.0,Single Family,Contact manager,2645
29390173.0,3.0,2.0,2054.0,30.280651000000002,-97.704784,0,0,2.0,Other,Forced air,2450.0,Single Family,In Unit,2700
64527149.0,3.0,2.0,1457.0,30.408012,-97.91818,1,1,2.0,Central,Forced air,1850.0,Single Family,Contact manager,1850
29566537.0,3.0,2.0,1759.0,30.458158,-97.812407,1,1,2.0,Central,Forced air,1695.0,Single Family,Contact manager,1895
251028975.0,2.0,2.0,951.0,30.259697999999997,-97.71570600000001,1,1,,Central,Forced air,2800.0,Multi Family,In Unit,2850
29359578.0,4.0,2.0,2925.0,30.380506,-97.885897,1,1,2.0,Central,Forced air,2650.0,Single Family,In Unit,2700
29352008.0,3.0,2.0,1458.0,30.360445000000002,-97.950087,0,0,2.0,Other,Forced air,1900.0,Single Family,In Unit,2200
2081662209.0,3.0,1.0,1605.0,30.364065999999998,-97.653101,1,1,2.0,Central,Forced air,,Single Family,Contact manager,2700
114407122.0,3.0,2.0,1995.0,30.241574,-97.87510400000001,0,0,2.0,Central,Other,2300.0,Apartment,In Unit,2300
242020199.0,3.0,2.0,1310.0,30.236496000000002,-97.57059,0,0,2.0,Central,Forced air,1525.0,Single Family,Contact manager,1475
29442815.0,3.0,2.0,1451.0,30.417185999999997,-97.692357,0,1,2.0,Other,Forced air,1950.0,Single Family,In Unit,2100
58317147.0,4.0,2.0,1430.0,30.161325,-97.82597700000001,1,1,1.0,Central,Forced air,1650.0,Single Family,Contact manager,1695
2081981605.0,1.0,1.0,650.0,30.266276,-97.748251,1,1,,Other,Forced air,,Multi Family,In Unit,2650
2109827186.0,2.0,2.0,1000.0,30.249209999999998,-97.7615,1,1,,Other,Forced air,,Single Family,In Unit,5000
29454065.0,4.0,2.0,2174.0,30.458721,-97.687966,1,1,2.0,Other,Forced air,1825.0,Single Family,In Unit,1775
29404066.0,3.0,2.0,1568.0,30.308984000000002,-97.685969,1,1,2.0,Central,Other,2000.0,Single Family,Contact manager,1950
241936860.0,3.0,2.0,1739.0,30.422745000000003,-97.679259,0,1,1.0,Central,Forced air,1895.0,Condo,In Unit,1945
2101189767.0,1.0,1.0,712.0,30.358246,-97.796337,1,1,,Central,Forced air,1234.0,Apartment,In Unit,1075
2080815076.0,4.0,1.0,1010.0,30.280439,-97.690208,1,0,,Other,Forced air,,Apartment,In Unit,1580
2089728299.0,2.0,1.0,775.0,30.29102,-97.72738299999999,1,1,1.0,Central,Forced air,1189.0,Multi Family,Contact manager,1250
2088242228.0,3.0,2.0,,30.422459999999997,-97.7668,1,1,,Other,Forced air,1450.0,Townhouse,In Unit,1450
29428299.0,3.0,2.0,1200.0,30.364806,-97.73314599999999,1,1,2.0,Other,Forced air,1950.0,Single Family,In Unit,1950
29505038.0,4.0,3.0,3450.0,30.190775,-97.89471800000001,0,1,2.0,Other,Forced air,2700.0,Single Family,In Unit,3250
83815181.0,4.0,3.0,3321.0,30.343742,-97.915419,1,1,2.0,Central,Forced air,3200.0,Single Family,In Unit,3400
83826276.0,3.0,1.0,1346.0,30.359303999999998,-97.713617,0,0,1.0,Central,Other,1500.0,Single Family,In Unit,1450
58316680.0,3.0,2.0,1680.0,30.183006,-97.812196,1,1,2.0,Central,Forced air,1800.0,Single Family,Contact manager,1795
2080984355.0,3.0,2.0,2086.0,30.255093,-97.87908900000001,1,1,,Other,Other,,Single Family,Contact manager,2500
29495861.0,3.0,2.0,1176.0,30.214165,-97.84915600000001,0,1,1.0,Central,Forced air,1750.0,Single Family,Contact manager,1750
29475669.0,4.0,2.0,2175.0,30.246209999999998,-97.829769,1,1,2.0,Other,Forced air,2650.0,Single Family,In Unit,2800
29387582.0,3.0,1.0,1092.0,30.274590000000003,-97.7211,1,1,2.0,Central,Forced air,2395.0,Single Family,In Unit,2450
70344292.0,5.0,4.0,4193.0,30.332765000000002,-97.956375,1,1,3.0,Central,Forced air,3750.0,Single Family,Contact manager,4150
241931428.0,1.0,1.0,600.0,30.27313,-97.75435,0,0,,Other,Forced air,1905.0,Apartment,Contact manager,2000
2094665027.0,3.0,2.0,2316.0,30.357367,-97.952865,1,1,1.0,Central,Other,1900.0,Multi Family,Contact manager,2500
88018952.0,3.0,2.0,1986.0,30.461872999999997,-97.803135,1,1,2.0,Central,Forced air,1900.0,Single Family,Contact manager,1900
2083015598.0,2.0,2.0,850.0,30.294154,-97.736804,0,0,,Other,Other,1750.0,Apartment,In Unit,1875
2102575362.0,,1.0,400.0,30.304859000000004,-97.725029,1,1,,Other,Other,875.0,Multi Family,Contact manager,950
29566467.0,3.0,2.0,1537.0,30.458158,-97.812407,0,0,2.0,Other,Forced air,1650.0,Single Family,In Unit,1600
305430663.0,1.0,1.0,901.0,30.280261,-97.723157,1,1,1.0,Central,Forced air,1695.0,Condo,In Unit,1895
29437538.0,4.0,2.0,1889.0,30.397422,-97.691925,1,1,2.0,Central,Forced air,1950.0,Single Family,In Unit,2600
29437642.0,2.0,2.0,1297.0,30.412694000000002,-97.731196,1,1,2.0,Central,Forced air,1595.0,Single Family,In Unit,1750
29494113.0,3.0,2.0,1437.0,30.20055,-97.84163199999999,0,0,2.0,Central,Forced air,1700.0,Single Family,Contact manager,1850
2111811857.0,4.0,2.0,2806.0,30.36529,-97.897734,0,0,2.0,Central,Forced air,1900.0,Single Family,Contact manager,3000
145652605.0,3.0,2.0,2418.0,30.295863,-97.7011,1,1,2.0,Central,Forced air,2995.0,Townhouse,In Unit,3750
2087686821.0,2.0,1.0,800.0,30.284609000000003,-97.748547,1,1,,Central,Other,1550.0,Apartment,Shared,1495
2107016816.0,3.0,2.0,1716.0,30.336496,-97.71019799999999,1,1,1.0,Central,Forced air,1750.0,Multi Family,Contact manager,1575
2080796252.0,2.0,1.0,1020.0,30.344140000000003,-97.770033,1,1,,Other,Forced air,,Apartment,In Unit,1795
2101615414.0,3.0,2.0,1400.0,30.263022999999997,-97.807187,1,1,,Other,Forced air,2225.0,Townhouse,In Unit,2250
70354435.0,4.0,3.0,1810.0,30.367496000000003,-97.653319,1,1,1.0,Central,Forced air,1800.0,Single Family,Contact manager,1800
2080402210.0,1.0,1.0,760.0,30.303387,-97.733328,0,0,,Other,Forced air,,Apartment,Shared,1700
70330908.0,4.0,3.0,2788.0,30.209033,-97.88748100000001,0,0,1.0,Central,Other,2750.0,Single Family,Contact manager,2500
29484826.0,2.0,2.0,1739.0,,,0,1,2.0,Other,Forced air,2200.0,Single Family,Contact manager,1800
120896980.0,3.0,2.0,2101.0,30.14975,-97.74464,1,1,2.0,Central,Forced air,1795.0,Single Family,Contact manager,1800
29404936.0,3.0,1.0,1140.0,30.314903,-97.7427,1,1,1.0,Other,Forced air,1795.0,Single Family,In Unit,1700
2080398965.0,2.0,2.0,1080.0,30.230090999999998,-97.80194,1,1,,Other,Forced air,,Multi Family,In Unit,1695
64805295.0,4.0,3.0,2757.0,30.190775,-97.89471800000001,0,0,2.0,Central,Forced air,2800.0,Single Family,Contact manager,2950
2095152875.0,1.0,1.0,1200.0,30.374048,-97.734488,0,0,,Other,Forced air,1450.0,Single Family,In Unit,2700
2080461196.0,2.0,2.0,916.0,30.386889,-97.703743,1,1,,Other,Forced air,,Townhouse,In Unit,1850
58312810.0,4.0,2.0,2123.0,30.219942,-97.794859,1,1,2.0,Other,Forced air,2300.0,Single Family,In Unit,4450
29348833.0,5.0,3.0,3656.0,30.350119,-97.980791,1,1,2.0,Central,Forced air,3450.0,Single Family,Contact manager,3295
2081482893.0,1.0,1.0,400.0,30.354708000000002,-97.73530799999999,1,1,,Other,Forced air,,Apartment,Shared,999
2080407485.0,,1.0,,30.29365,-97.716806,1,1,,Other,Forced air,,Apartment,Shared,1600
2080309408.0,1.0,1.0,,30.441947,-97.670516,0,0,,Other,Other,,Apartment,Contact manager,1023
64801591.0,3.0,2.0,2554.0,30.171431,-97.838303,1,1,1.0,Other,Forced air,1995.0,Single Family,Contact manager,2150
2080711557.0,1.0,1.0,846.0,30.301826000000002,-97.708519,1,1,,Other,Forced air,,Condo,In Unit,1385
2132721262.0,2.0,2.0,2104.0,,,1,1,2.0,Central,Forced air,1600.0,Multi Family,Contact manager,1595
2132468164.0,1.0,1.0,400.0,30.32828,-97.732709,1,1,,Other,Forced air,1050.0,Apartment,Shared,950
2109996930.0,2.0,1.0,1417.0,30.300365999999997,-97.78993100000001,1,1,2.0,Central,Forced air,2300.0,Townhouse,In Unit,2995
29408151.0,3.0,2.0,1400.0,30.315013,-97.683424,1,1,2.0,Other,Forced air,1850.0,Single Family,In Unit,2495
2085831512.0,2.0,2.0,1072.0,30.344140000000003,-97.770033,1,1,,Other,Forced air,,Apartment,In Unit,1640
29331645.0,4.0,3.0,2584.0,30.284433,-97.76886999999999,0,0,2.0,Central,Forced air,6000.0,Single Family,In Unit,6900
83125445.0,3.0,2.0,1544.0,30.298229,-97.701408,1,1,2.0,Other,Forced air,2850.0,Single Family,In Unit,3700
29461015.0,5.0,3.0,2375.0,30.236072999999998,-97.74929300000001,1,1,1.0,Central,Forced air,2600.0,Single Family,In Unit,7000
249912824.0,3.0,2.0,1704.0,30.354582,-97.64271600000001,1,1,2.0,Other,Forced air,1750.0,Single Family,In Unit,1750
2080906854.0,3.0,2.0,3127.0,30.186869,-97.89096500000001,0,0,,Other,Forced air,,Single Family,In Unit,2600
29341680.0,2.0,1.0,1152.0,,,1,1,2.0,Other,Forced air,1800.0,Single Family,In Unit,1795
2080274572.0,3.0,2.0,2003.0,30.447351,-97.671003,1,0,2.0,Central,Other,,Condo,Contact manager,1750
2080518629.0,3.0,2.0,1353.0,,,1,1,,Other,Forced air,,Single Family,Contact manager,1800
29448010.0,4.0,2.0,1946.0,30.436759999999996,-97.678465,1,1,2.0,Central,Forced air,1795.0,Single Family,Contact manager,1999
2098172406.0,2.0,1.0,1150.0,,,1,1,1.0,Other,Forced air,1700.0,Apartment,In Unit,1600
2080350736.0,3.0,2.0,4066.0,30.294061,-97.628062,0,0,2.0,Central,Forced air,,Multi Family,Contact manager,1200
80089878.0,4.0,2.0,2149.0,30.360491999999997,-97.642454,1,1,2.0,Central,Forced air,1750.0,Single Family,Contact manager,1800
2080404126.0,1.0,1.0,400.0,,,1,1,,Central,Forced air,,Multi Family,In Unit,1395
2122606778.0,2.0,1.0,1000.0,30.426945,-97.759682,1,1,,Other,Forced air,1400.0,Apartment,In Unit,1395
29333009.0,3.0,2.0,2146.0,30.275764000000002,-97.842747,1,1,2.0,Central,Forced air,2200.0,Single Family,Contact manager,4700
305431037.0,6.0,4.0,3082.0,30.311411,-97.67479399999999,1,1,,Other,Forced air,1750.0,Single Family,In Unit,4450
29411695.0,2.0,2.0,920.0,30.324784,-97.741171,0,0,2.0,Central,Other,1750.0,Condo,In Unit,1625
29568974.0,3.0,2.0,1551.0,30.449740999999996,-97.80704300000001,0,0,2.0,Central,Forced air,1750.0,Single Family,Contact manager,1695
29449522.0,3.0,2.0,1558.0,30.448252,-97.681497,0,1,2.0,Other,Forced air,1650.0,Single Family,In Unit,1650
29353828.0,2.0,2.0,2018.0,30.362814,-97.779798,1,1,2.0,Central,Forced air,2550.0,Single Family,In Unit,4500
251031261.0,4.0,3.0,2095.0,30.256010999999997,-97.574399,1,1,2.0,Central,Forced air,1750.0,Single Family,In Unit,1750
305427660.0,2.0,2.0,1500.0,30.2982,-97.70711,1,1,1.0,Central,Forced air,1800.0,Condo,In Unit,2700
2080672361.0,1.0,1.0,1400.0,30.332309999999996,-97.987133,0,0,,Other,Forced air,,Single Family,Shared,3900
70338429.0,3.0,2.0,2000.0,30.336996999999997,-97.648404,1,1,1.0,Other,Forced air,1750.0,Single Family,In Unit,1695
29388760.0,3.0,3.0,1330.0,30.272973999999998,-97.696093,0,0,1.0,Other,Forced air,2850.0,Single Family,In Unit,2900
29323557.0,4.0,2.0,2770.0,,,0,1,2.0,Other,Forced air,2500.0,Single Family,Contact manager,3200
251030363.0,2.0,2.0,1224.0,30.389278000000004,-97.657359,0,0,2.0,Central,Forced air,1495.0,Condo,Contact manager,1700
2080278216.0,3.0,2.0,1056.0,30.297189000000003,-97.745914,1,1,,Central,Forced air,,Condo,In Unit,2350
249891200.0,3.0,2.0,1983.0,30.158078000000003,-97.741694,0,1,2.0,Central,Forced air,1850.0,Single Family,In Unit,1900
2094701790.0,2.0,1.0,1000.0,30.412694000000002,-97.731196,1,1,2.0,Other,Forced air,1392.0,Townhouse,In Unit,1650
241931807.0,3.0,2.0,1920.0,30.275013,-97.723791,0,0,1.0,Central,Forced air,3200.0,Single Family,In Unit,3950
145655887.0,3.0,2.0,1778.0,30.197069,-97.74894300000001,0,1,2.0,Central,Forced air,1850.0,Single Family,Contact manager,1999
2132221907.0,2.0,1.0,828.0,30.307894,-97.74974399999999,0,0,,Central,Forced air,2150.0,Multi Family,In Unit,1598
29558952.0,4.0,2.0,2476.0,30.45187,-97.814815,1,1,2.0,Central,Forced air,2100.0,Single Family,Contact manager,2100
2080326759.0,2.0,1.0,1000.0,30.44308,-97.672825,1,1,1.0,Central,Forced air,,Multi Family,Contact manager,1500
29344943.0,3.0,2.0,1663.0,30.338006,-97.866908,0,1,2.0,Other,Forced air,2318.0,Single Family,In Unit,2395
249890758.0,4.0,2.0,2040.0,30.356153000000003,-97.664396,1,1,2.0,Other,Forced air,1875.0,Single Family,Contact manager,1875
305433117.0,3.0,2.0,1649.0,30.219084999999996,-97.63375400000001,0,1,2.0,Central,Other,1700.0,Single Family,In Unit,1850
2080409784.0,2.0,1.0,916.0,30.272973999999998,-97.696093,0,0,,Other,Forced air,,Single Family,In Unit,2600
29421259.0,3.0,1.0,1190.0,30.350901,-97.726949,1,1,1.0,Central,Forced air,1878.0,Single Family,In Unit,1925
29390934.0,2.0,1.0,836.0,30.283046999999996,-97.716513,1,1,,Other,Forced air,1895.0,Single Family,In Unit,1600
29461391.0,3.0,2.0,1201.0,30.233496999999996,-97.589054,1,1,2.0,Central,Forced air,1400.0,Single Family,In Unit,1400
29412543.0,3.0,2.0,1817.0,30.332068,-97.700181,1,1,2.0,Central,Forced air,1800.0,Single Family,Contact manager,1930
2080297027.0,3.0,2.0,1345.0,30.272540000000003,-97.69433000000001,1,1,1.0,Central,Forced air,,Townhouse,In Unit,2395
83817773.0,5.0,4.0,3662.0,30.170332000000002,-97.91501099999999,1,1,2.0,Central,Forced air,3100.0,Single Family,Contact manager,3350
2110109394.0,1.0,1.0,919.0,30.269091999999997,-97.751834,1,1,,Central,Other,2227.0,Apartment,In Unit,2157
29335150.0,3.0,2.0,1968.0,30.295723,-97.765594,1,1,,Other,Forced air,3100.0,Townhouse,In Unit,4200
29510529.0,3.0,2.0,2536.0,30.183066999999998,-97.858813,0,0,2.0,Central,Other,2350.0,Single Family,Contact manager,2500
2081770601.0,3.0,2.0,1536.0,30.279190999999997,-97.719394,0,0,,Other,Forced air,,Apartment,In Unit,2100
64445856.0,3.0,2.0,1358.0,30.374415999999997,-97.923014,1,1,2.0,Central,Forced air,1850.0,Single Family,Contact manager,1900
2081334862.0,2.0,2.0,1150.0,30.399256,-97.655107,1,1,,Other,Forced air,,Multi Family,In Unit,1455
2080378638.0,2.0,1.0,900.0,30.224782,-97.756299,1,1,,Central,Other,,Apartment,Shared,1395
2105285088.0,1.0,1.0,575.0,30.330999,-97.72477099999999,1,1,,Other,Forced air,1170.0,Apartment,In Unit,1175
2082624904.0,4.0,3.0,1691.0,30.255678000000003,-97.731964,1,1,,Other,Forced air,,Single Family,In Unit,3850
29414354.0,3.0,1.0,1134.0,30.333755,-97.73414,1,1,1.0,Central,Forced air,2150.0,Single Family,In Unit,2995
29507645.0,4.0,2.0,2340.0,30.180453999999997,-97.858942,0,0,2.0,Central,Forced air,2250.0,Single Family,In Unit,2595
29350985.0,2.0,2.0,1610.0,30.351885,-97.997702,1,1,,Central,Forced air,1750.0,Condo,In Unit,2100
185206517.0,3.0,2.0,1504.0,30.461872999999997,-97.803135,1,1,2.0,Central,Forced air,1650.0,Single Family,Contact manager,1610
29402532.0,4.0,2.0,1574.0,30.298331,-97.67984799999999,0,0,,Other,Forced air,2400.0,Single Family,In Unit,2400
70354941.0,4.0,2.0,2330.0,30.395121000000003,-97.648915,1,1,2.0,Other,Forced air,1795.0,Single Family,In Unit,2050
29354515.0,2.0,2.0,2172.0,30.369255,-97.973821,1,1,2.0,Other,Forced air,1440.0,Single Family,In Unit,1450
2083011335.0,1.0,1.0,450.0,30.294751,-97.743453,1,1,,Central,Other,1018.0,Apartment,Shared,950
249912459.0,3.0,2.0,1938.0,30.218183000000003,-97.634998,0,0,2.0,Central,Forced air,1800.0,Single Family,In Unit,1989
88025003.0,4.0,2.0,2216.0,30.466912,-97.809022,1,1,2.0,Central,Forced air,1900.0,Condo,Contact manager,1850
2080905471.0,2.0,1.0,900.0,30.295208000000002,-97.627886,1,1,,Central,Forced air,,Multi Family,Contact manager,1000
79980656.0,4.0,2.0,2734.0,30.32838,-97.870201,1,1,2.0,Other,Forced air,2500.0,Single Family,In Unit,2795
2080445597.0,3.0,2.0,1050.0,,,1,1,1.0,Central,Forced air,,Multi Family,Contact manager,1350
2092495192.0,3.0,2.0,4543.0,30.320806,-97.72451,0,0,2.0,Central,Forced air,2350.0,Multi Family,In Unit,2300
63834831.0,3.0,2.0,2708.0,30.362665999999997,-97.778134,0,0,2.0,Other,Forced air,1995.0,Townhouse,In Unit,4250
2080285052.0,2.0,2.0,1144.0,30.399597999999997,-97.701992,1,1,,Central,Forced air,,Townhouse,Contact manager,1275
2089673083.0,2.0,2.0,1507.0,,,0,0,,Other,Forced air,,Apartment,In Unit,2400
114407198.0,3.0,2.0,2276.0,30.241345000000003,-97.876671,1,1,2.0,Central,Forced air,2295.0,Condo,In Unit,2350
29445067.0,3.0,2.0,2165.0,30.427970000000002,-97.695358,0,0,2.0,Other,Forced air,1950.0,Single Family,In Unit,2300
29382515.0,5.0,3.0,2218.0,30.25696,-97.72936999999999,1,1,,Other,Forced air,3341.0,Single Family,In Unit,6200
70342331.0,3.0,2.0,1665.0,30.151704,-97.741886,1,1,2.0,Central,Forced air,1675.0,Single Family,In Unit,1650
83817005.0,3.0,2.0,1509.0,30.279543,-97.62961899999999,1,1,2.0,Central,Other,1695.0,Single Family,In Unit,1695
29346851.0,4.0,2.0,1568.0,30.343617,-97.863734,1,1,,Other,Forced air,1645.0,Single Family,In Unit,1750
29343299.0,5.0,4.0,5238.0,30.321887,-97.788793,1,1,2.0,Central,Forced air,5500.0,Single Family,In Unit,10000
29389994.0,3.0,1.0,816.0,30.280362,-97.704576,1,1,,Other,Forced air,1750.0,Single Family,Contact manager,1800
29427360.0,2.0,2.0,971.0,30.364833,-97.722252,1,1,,Central,Other,1445.0,Single Family,Contact manager,1050
29358354.0,2.0,2.0,1922.0,30.369715000000003,-97.747268,1,1,2.0,Central,Forced air,2800.0,Single Family,In Unit,2650
29348921.0,3.0,2.0,1570.0,30.353340000000003,-97.98807,1,1,4.0,Other,Forced air,2100.0,Townhouse,In Unit,2200
94643074.0,3.0,2.0,1766.0,30.235795,-97.772133,0,1,2.0,Other,Forced air,3150.0,Townhouse,In Unit,2950
2089359072.0,3.0,2.0,1520.0,30.274416,-97.720558,0,0,,Other,Forced air,,Single Family,In Unit,3000
29443458.0,3.0,2.0,1800.0,30.421705,-97.685638,1,1,2.0,Central,Forced air,1800.0,Single Family,Contact manager,1800
2080492497.0,3.0,2.0,1327.0,30.35633,-97.664814,1,1,,Other,Forced air,,Single Family,Contact manager,1650
2086487811.0,2.0,2.0,1000.0,30.162990999999998,-97.744201,1,1,,Other,Forced air,1305.0,Townhouse,Contact manager,1195
124844895.0,3.0,2.0,1950.0,30.355426,-97.622568,0,1,2.0,Central,Forced air,1700.0,Single Family,Contact manager,1695
2080369416.0,3.0,2.0,1366.0,30.259937,-97.798585,1,1,2.0,Central,Forced air,,Multi Family,Contact manager,1900
251033880.0,4.0,3.0,2118.0,30.197069,-97.74894300000001,1,1,1.0,Other,Forced air,1995.0,Single Family,Contact manager,2095
245675382.0,3.0,2.0,1550.0,30.356153000000003,-97.664396,1,1,2.0,Other,Forced air,1700.0,Single Family,In Unit,1895
2080293820.0,1.0,1.0,641.0,30.242962,-97.78013100000001,1,1,,Other,Forced air,,Apartment,In Unit,1880
29509886.0,4.0,2.0,1766.0,30.193436,-97.78564899999999,1,1,2.0,Central,Forced air,1875.0,Single Family,In Unit,1860
29405997.0,3.0,2.0,1602.0,30.311434000000002,-97.755015,0,0,2.0,Central,Forced air,3200.0,Single Family,Contact manager,3200
111971429.0,4.0,2.0,2000.0,,,0,0,2.0,Central,Forced air,3100.0,Single Family,Contact manager,5000
29469728.0,3.0,2.0,1312.0,30.167541999999997,-97.74059,0,0,2.0,Central,Forced air,1562.0,Single Family,Contact manager,1700
2080385629.0,2.0,1.0,1000.0,30.254826,-97.726394,1,1,1.0,Central,Forced air,,Condo,In Unit,2495
83124609.0,1.0,1.0,600.0,30.273159000000003,-97.760139,1,1,1.0,Central,Forced air,1650.0,Condo,In Unit,1700
29394484.0,2.0,1.0,1215.0,30.283046999999996,-97.716513,1,1,1.0,Central,Forced air,2200.0,Single Family,In Unit,2300
2080473228.0,2.0,2.0,1374.0,30.269091999999997,-97.751834,1,1,,Other,Other,,Apartment,In Unit,3846
29346134.0,2.0,2.0,1245.0,30.345503000000004,-97.755871,0,0,2.0,Central,Forced air,2400.0,Condo,In Unit,2500
79981344.0,2.0,2.0,1100.0,30.262031,-97.808675,1,1,1.0,Other,Forced air,2000.0,Apartment,In Unit,1800
2131168302.0,2.0,1.0,838.0,30.332827,-97.691385,0,0,,Central,Forced air,1275.0,Multi Family,Contact manager,1200
2080410715.0,2.0,1.0,936.0,30.353434000000004,-97.72207900000001,1,1,,Other,Other,,Single Family,In Unit,1750
29482227.0,3.0,1.0,1248.0,30.210469,-97.76430400000001,0,1,,Central,Forced air,1700.0,Single Family,In Unit,2000
29396035.0,2.0,1.0,745.0,30.291141999999997,-97.725629,0,0,1.0,Central,Forced air,1335.0,Condo,In Unit,2495
29413978.0,3.0,2.0,1372.0,30.33535,-97.748019,1,1,1.0,Other,Forced air,2295.0,Single Family,In Unit,3600
2083012099.0,2.0,1.0,886.0,30.293719,-97.743714,1,1,,Central,Other,1700.0,Apartment,In Unit,1795
2080634976.0,3.0,2.0,1316.0,30.296515000000003,-97.730722,1,1,1.0,Central,Forced air,,Single Family,In Unit,3100
2080459762.0,1.0,1.0,500.0,30.27313,-97.75435,1,1,,Other,Forced air,,Apartment,Shared,1595
2096977400.0,3.0,2.0,2712.0,30.193436,-97.78564899999999,1,1,1.0,Central,Forced air,1695.0,Multi Family,Contact manager,1525
29358112.0,3.0,3.0,2949.0,30.372506,-97.983447,1,1,2.0,Other,Forced air,3878.0,Single Family,In Unit,3800
29486464.0,3.0,2.0,1563.0,30.213193,-97.850605,1,1,2.0,Other,Forced air,1850.0,Single Family,In Unit,1815
29402120.0,3.0,2.0,1463.0,30.308083,-97.691695,1,1,2.0,Central,Forced air,1950.0,Single Family,Contact manager,1850
2091075768.0,2.0,1.0,780.0,30.26084,-97.72639000000001,0,0,,Central,Forced air,1650.0,Apartment,Contact manager,1750
2094868629.0,2.0,2.0,1100.0,30.367234000000003,-97.976455,1,1,,Central,Other,1450.0,Apartment,In Unit,2573
29507832.0,3.0,2.0,1780.0,30.190775,-97.89471800000001,1,1,2.0,Central,Forced air,2200.0,Single Family,Contact manager,2200
2080269717.0,2.0,2.0,836.0,30.273021000000004,-97.681667,1,1,,Central,Forced air,,Condo,In Unit,1995
2083443863.0,2.0,2.0,2321.0,30.181479,-97.835047,1,1,1.0,Central,Forced air,1388.0,Multi Family,Contact manager,1430
29447305.0,3.0,2.0,1255.0,30.439719,-97.743289,0,0,2.0,Central,Forced air,1650.0,Single Family,Contact manager,1550
2092051035.0,2.0,2.0,1250.0,30.346403000000002,-97.754283,1,1,,Other,Forced air,1850.0,Single Family,In Unit,1625
2122212810.0,2.0,1.0,850.0,30.283741999999997,-97.720662,1,1,,Other,Forced air,1580.0,Apartment,In Unit,1825
2080514764.0,3.0,2.0,1477.0,30.32885,-97.738865,0,0,,Central,Forced air,,Condo,In Unit,2850
29368854.0,2.0,2.0,1815.0,30.420937,-97.944078,1,1,2.0,Other,Forced air,1850.0,Single Family,In Unit,2250
29438993.0,4.0,2.0,3302.0,30.401833,-97.64540799999999,0,0,2.0,Central,Forced air,1912.0,Single Family,Contact manager,2000
29336252.0,2.0,2.0,1350.0,,,1,1,,Other,Forced air,2900.0,Single Family,In Unit,9000
243854190.0,3.0,2.0,1472.0,30.170336,-97.73050699999999,0,0,1.0,Other,Other,1795.0,Single Family,Contact manager,1700
29334293.0,2.0,1.0,1144.0,30.292440999999997,-97.830968,1,1,,Central,Forced air,1745.0,Condo,In Unit,1745
2080269412.0,1.0,1.0,384.0,30.276726,-97.763124,1,1,,Other,Forced air,,Condo,In Unit,1400
241450868.0,4.0,4.0,3200.0,30.315888,-97.989037,1,1,2.0,Central,Other,3000.0,Single Family,In Unit,2995
29366263.0,4.0,2.0,2325.0,30.419141999999997,-97.76469300000001,1,1,2.0,Central,Forced air,2450.0,Single Family,Contact manager,2300
2098395749.0,1.0,1.0,447.0,30.288542,-97.77194200000001,1,1,,Other,Forced air,1090.0,Apartment,Shared,1100
2080523456.0,3.0,3.0,2000.0,30.354816999999997,-97.99719,1,1,,Central,Forced air,,Condo,In Unit,2500
29428565.0,4.0,2.0,1355.0,,,0,1,2.0,Central,Other,1650.0,Single Family,Contact manager,1600
2081785150.0,2.0,1.0,3120.0,,,1,1,,Central,Other,1240.0,Multi Family,Contact manager,995
111371366.0,5.0,2.0,2537.0,30.30658,-97.689369,1,1,2.0,Central,Forced air,1750.0,Single Family,Contact manager,1990
2080367613.0,3.0,2.0,2102.0,30.369037,-97.707964,1,1,1.0,Central,Forced air,,Multi Family,Contact manager,1295
2080330357.0,2.0,1.0,800.0,30.290759,-97.771575,1,1,,Other,Forced air,,Apartment,Shared,1300
2080279734.0,3.0,2.0,1490.0,30.321578999999996,-97.72483299999999,0,0,,Other,Forced air,,Single Family,In Unit,2500
2080417532.0,3.0,3.0,1437.0,30.227636999999998,-97.739001,1,1,,Other,Forced air,,Apartment,In Unit,2400
29401940.0,2.0,1.0,950.0,30.279190999999997,-97.719394,1,1,,Other,Forced air,1839.0,Single Family,In Unit,1800
29491967.0,3.0,2.0,1729.0,30.211066,-97.890429,1,1,2.0,Central,Forced air,2100.0,Single Family,Contact manager,2100
2080405740.0,1.0,1.0,4192.0,30.246610999999998,-97.77476800000001,1,0,,Central,Forced air,,Apartment,Contact manager,800
2090923224.0,2.0,2.0,1200.0,30.345487,-97.755505,0,0,1.0,Central,Forced air,1775.0,Multi Family,In Unit,2250
29438956.0,4.0,2.0,3302.0,,,0,0,2.0,Central,Forced air,1900.0,Single Family,Contact manager,1900
2080546706.0,2.0,1.0,3120.0,30.293815999999996,-97.629467,1,1,,Central,Forced air,,Condo,Contact manager,1250
80105940.0,3.0,2.0,1585.0,30.293302,-97.64243,1,1,2.0,Central,Forced air,1906.0,Single Family,Contact manager,2250
64532261.0,4.0,2.0,2744.0,30.352056,-97.905817,0,0,2.0,Central,Forced air,2500.0,Single Family,Contact manager,2700
2080288155.0,,1.0,500.0,30.315955,-97.71679,0,0,,Other,Forced air,,Apartment,Contact manager,1200
29406221.0,2.0,1.0,1054.0,30.314145,-97.74436,0,0,1.0,Central,Forced air,2200.0,Single Family,Contact manager,2095
29326188.0,4.0,2.0,2341.0,30.262653999999998,-97.801815,0,0,2.0,Central,Forced air,3375.0,Single Family,Contact manager,4100
2092158330.0,3.0,2.0,1472.0,30.171343,-97.73186,1,1,2.0,Central,Forced air,,Single Family,Contact manager,1750
64705134.0,5.0,5.0,3734.0,30.413916999999998,-97.92038000000001,0,0,2.0,Central,,535718.0,Single Family,,544900
2080793109.0,2.0,2.0,1100.0,,,1,1,,Other,Forced air,,Single Family,In Unit,1600
29440816.0,3.0,2.0,1822.0,30.417185999999997,-97.692357,0,1,,Other,Forced air,1850.0,Single Family,In Unit,1850
241933857.0,5.0,4.0,3293.0,30.311514000000003,-97.995522,0,1,3.0,Central,Other,3500.0,Single Family,In Unit,3500
29330765.0,3.0,3.0,2258.0,30.278415999999996,-97.835884,1,1,2.0,Central,Forced air,2995.0,Single Family,Contact manager,4795
29343786.0,3.0,2.0,1386.0,30.328419,-97.872325,1,1,2.0,Other,Forced air,2295.0,Single Family,In Unit,2450
2080448802.0,2.0,2.0,950.0,30.469786,-97.689932,1,1,,Other,Forced air,,Apartment,In Unit,1150
29361562.0,3.0,2.0,2225.0,30.378784000000003,-97.888628,1,1,2.0,Other,Forced air,2195.0,Single Family,In Unit,2200
2080711850.0,2.0,2.0,1264.0,30.526386,-97.839472,1,1,,Other,Forced air,,Townhouse,In Unit,1625
29506396.0,3.0,2.0,1550.0,30.184222,-97.804475,1,1,2.0,Other,Forced air,1750.0,Single Family,In Unit,1725
29359004.0,3.0,3.0,2162.0,30.376678000000002,-97.791444,0,0,2.0,Central,Forced air,2250.0,Single Family,In Unit,2950
80086913.0,4.0,2.0,2373.0,30.349505999999998,-97.91255699999999,0,0,2.0,Central,Forced air,2600.0,Single Family,Shared,2700
2138263729.0,2.0,2.0,975.0,30.246610999999998,-97.77476800000001,0,0,,Other,Other,1770.0,Multi Family,Contact manager,1625
241935531.0,2.0,2.0,849.0,30.281009,-97.715298,0,0,,Central,Forced air,1575.0,Condo,In Unit,1725
29349991.0,3.0,2.0,1485.0,30.352323,-97.761629,1,1,1.0,Central,Forced air,1795.0,Multi Family,Contact manager,2095
29328831.0,4.0,2.0,2001.0,30.278415999999996,-97.835884,1,1,2.0,Other,Forced air,2950.0,Single Family,In Unit,3950
305428498.0,4.0,3.0,2048.0,30.137420000000002,-97.768307,1,1,2.0,Other,Forced air,1900.0,Single Family,Contact manager,1950
2080503389.0,2.0,1.0,660.0,30.313042,-97.713563,1,1,,Central,Forced air,,Townhouse,In Unit,1750
29441242.0,4.0,2.0,2077.0,30.421705,-97.685638,1,1,2.0,Central,Forced air,1990.0,Single Family,Contact manager,2100
70327403.0,3.0,2.0,1736.0,,,1,1,2.0,Central,Forced air,1695.0,Single Family,In Unit,1750
124838648.0,3.0,2.0,2832.0,30.388696000000003,-97.932781,0,1,2.0,Central,Forced air,1800.0,Single Family,Contact manager,3200
2081132043.0,1.0,1.0,650.0,30.32828,-97.732709,0,0,,Other,Other,,Apartment,Contact manager,975
2080435091.0,4.0,2.0,1950.0,30.416055,-97.684211,0,0,,Other,Other,,Single Family,Contact manager,2500
2080770650.0,3.0,3.0,3000.0,30.376026,-97.91561,1,1,,Other,Forced air,,Single Family,In Unit,5200
145654694.0,2.0,2.0,1318.0,30.280346999999995,-97.757491,1,1,2.0,Central,Forced air,2924.0,Condo,In Unit,4000
58317188.0,3.0,1.0,1160.0,30.161325,-97.82597700000001,1,1,1.0,Central,Forced air,1500.0,Single Family,Contact manager,1425
89546753.0,1.0,1.0,600.0,30.362374,-97.728364,0,0,,Central,Forced air,1175.0,Condo,Contact manager,1175
70348203.0,2.0,1.0,1384.0,30.293605,-97.83046999999999,1,1,,Central,Forced air,1800.0,Condo,In Unit,1750
124837346.0,3.0,3.0,1347.0,30.267143,-97.687736,0,0,1.0,Central,Forced air,2400.0,Single Family,Contact manager,2500
58305993.0,3.0,2.0,1603.0,30.414275,-97.724262,0,0,2.0,Other,Forced air,1900.0,Single Family,In Unit,2500
29403347.0,,1.0,375.0,30.30776,-97.728514,0,0,1.0,Other,Forced air,1700.0,Apartment,Shared,1140
29426347.0,2.0,1.0,834.0,30.368305,-97.729611,1,0,2.0,Central,Forced air,1367.0,Condo,Contact manager,1100
2095219165.0,2.0,1.0,1709.0,30.359068,-97.731503,1,1,1.0,Central,Forced air,1395.0,Multi Family,Contact manager,1425
29413971.0,3.0,1.0,1379.0,30.33553,-97.745293,1,1,1.0,Other,Forced air,2100.0,Single Family,In Unit,2300
2080682464.0,3.0,2.0,1841.0,30.3578,-97.6448,0,0,,Other,Other,,Single Family,Contact manager,1825
2081714503.0,2.0,2.0,1000.0,30.288641,-97.722388,0,0,,Other,Other,2000.0,Multi Family,Contact manager,2450
2123207632.0,3.0,2.0,5904.0,30.323988,-97.68490600000001,1,1,2.0,Central,Forced air,1780.0,Multi Family,Contact manager,1550
29445110.0,4.0,3.0,2209.0,30.429446000000002,-97.693506,1,1,2.0,Central,Forced air,1980.0,Single Family,In Unit,2399
29427012.0,3.0,2.0,969.0,,,0,1,2.0,Central,Forced air,1410.0,Single Family,Contact manager,1695
2094997867.0,3.0,1.0,1971.0,30.360091999999998,-97.700194,1,1,1.0,Central,Forced air,1320.0,Multi Family,In Unit,1595
29384761.0,3.0,2.0,1555.0,30.260666999999998,-97.697179,1,1,1.0,Central,Forced air,,Single Family,In Unit,3250
2087552276.0,3.0,2.0,996.0,30.201137,-97.834899,1,1,,Other,Forced air,,Single Family,In Unit,2000
70326320.0,2.0,2.0,1204.0,30.275840999999996,-97.71605100000001,0,0,1.0,Central,Forced air,2500.0,Single Family,In Unit,2800
29482610.0,3.0,2.0,1900.0,30.21755,-97.778604,1,1,,Other,Forced air,2100.0,Single Family,In Unit,2500
251030069.0,2.0,2.0,847.0,30.342297,-97.737951,0,0,1.0,Central,Forced air,1750.0,Condo,In Unit,2395
251035998.0,4.0,3.0,2247.0,30.172528999999997,-97.698025,1,1,2.0,Other,Forced air,1995.0,Single Family,Contact manager,2095
70344093.0,5.0,5.0,4545.0,,,0,1,2.0,Other,Forced air,4600.0,Single Family,In Unit,5600
70343805.0,3.0,2.0,1229.0,30.153863,-97.836562,1,1,1.0,Other,Forced air,1550.0,Single Family,In Unit,1690
145653281.0,3.0,2.0,1284.0,30.342871000000002,-97.719596,0,1,1.0,Central,Forced air,1995.0,Single Family,In Unit,2375
29447643.0,3.0,2.0,1488.0,30.437216999999997,-97.680607,0,0,2.0,Central,Other,1750.0,Single Family,Contact manager,1795
2087104171.0,3.0,2.0,960.0,30.194340000000004,-97.742269,0,0,3.0,Central,Forced air,1650.0,Multi Family,Contact manager,1650
29347293.0,4.0,3.0,2440.0,30.346533,-97.994238,1,1,2.0,Central,Forced air,2400.0,Single Family,In Unit,2400
116081593.0,3.0,2.0,1500.0,30.462341,-97.79979499999999,1,1,2.0,Central,Forced air,1795.0,Single Family,Contact manager,1795
2082845516.0,4.0,4.0,2853.0,30.252321000000002,-97.77644000000001,0,0,2.0,Central,Forced air,5959.0,Single Family,Contact manager,7500
124720925.0,4.0,2.0,2353.0,30.469843,-97.68299,1,1,2.0,Other,Forced air,1850.0,Single Family,In Unit,1950
29399536.0,2.0,1.0,1070.0,30.305349,-97.714878,0,0,1.0,Central,Forced air,2050.0,Single Family,Contact manager,2395
58306107.0,4.0,2.0,1670.0,30.417333000000003,-97.717939,1,1,1.0,Central,Forced air,1850.0,Single Family,Contact manager,1800
2080638363.0,1.0,1.0,806.0,30.399113,-97.851661,1,1,,Other,Forced air,,Apartment,In Unit,975
249912830.0,3.0,2.0,1508.0,30.354582,-97.64271600000001,0,1,2.0,Central,Forced air,1700.0,Single Family,Contact manager,1700
63300649.0,2.0,2.0,1584.0,,,1,1,1.0,Central,Forced air,1950.0,Condo,Contact manager,2350
2083218630.0,2.0,1.0,1020.0,30.294944,-97.629638,1,1,,Central,Forced air,1210.0,Multi Family,Contact manager,1095
2085854053.0,1.0,1.0,1009.0,30.350813,-97.75721800000001,1,1,,Other,Forced air,,Townhouse,In Unit,1524
29376057.0,3.0,2.0,2462.0,,,1,1,2.0,Central,Forced air,2595.0,Single Family,Contact manager,2595
2080705796.0,1.0,1.0,705.0,,,1,1,,Other,Forced air,,Apartment,In Unit,1090
2080457369.0,1.0,1.0,565.0,30.272786,-97.756902,0,0,,Central,Forced air,,Condo,Contact manager,2100
29465412.0,2.0,1.0,1140.0,30.217233,-97.73628000000001,1,1,8.0,Other,Forced air,1230.0,Apartment,In Unit,1195
29392041.0,3.0,1.0,936.0,30.284246000000003,-97.713208,0,0,1.0,Central,Forced air,1900.0,Single Family,In Unit,2300
62606897.0,3.0,2.0,1553.0,30.429446000000002,-97.693506,1,1,2.0,Other,Forced air,1699.0,Townhouse,In Unit,1650
63278665.0,4.0,2.0,2835.0,30.3637,-97.90425,1,1,2.0,Central,Forced air,2500.0,Single Family,Contact manager,2695
2080317224.0,2.0,1.0,650.0,30.329871999999998,-97.72183299999999,0,0,,Other,Forced air,,Apartment,In Unit,1400
29374090.0,4.0,2.0,2049.0,30.412694000000002,-97.731196,0,0,2.0,Other,Forced air,2244.0,Single Family,Contact manager,2350
2092732176.0,1.0,1.0,396.0,30.304408000000002,-97.730699,1,1,,Central,Forced air,975.0,Apartment,Contact manager,1000
80107251.0,2.0,2.0,1748.0,30.26084,-97.72639000000001,1,1,2.0,Central,Forced air,2750.0,Townhouse,In Unit,2750
63834613.0,4.0,3.0,3365.0,30.3227,-97.9743,0,0,3.0,Central,Forced air,3500.0,Single Family,Contact manager,3400
29399783.0,3.0,2.0,1270.0,30.302064,-97.683536,1,1,1.0,Other,Forced air,1700.0,Single Family,In Unit,2100
29419357.0,3.0,1.0,864.0,,,0,0,1.0,Central,Other,1450.0,Single Family,Contact manager,1700
2080891816.0,2.0,1.0,625.0,30.323847999999998,-97.751023,1,1,,Central,Forced air,,Apartment,Contact manager,1300
2089211617.0,2.0,2.0,1395.0,30.390819,-97.938789,0,1,,Other,Forced air,1950.0,Apartment,In Unit,1950
2083986387.0,3.0,2.0,2025.0,30.197692,-97.837875,1,1,2.0,Central,Forced air,2250.0,Condo,Contact manager,2250
29516783.0,2.0,2.0,1751.0,30.141208000000002,-97.793947,0,0,2.0,Central,Forced air,1600.0,Condo,Contact manager,1900
80095333.0,1.0,1.0,980.0,30.259642,-97.73954499999999,0,1,1.0,Other,Forced air,1925.0,Condo,In Unit,2995
29487874.0,3.0,2.0,2133.0,30.217794,-97.77359799999999,0,0,2.0,Central,Forced air,2100.0,Single Family,In Unit,2485
250997481.0,4.0,2.0,1858.0,30.367496000000003,-97.653319,0,1,2.0,Central,Forced air,1825.0,Single Family,Contact manager,1800
2081101710.0,3.0,2.0,1769.0,30.218390000000003,-97.870522,0,0,,Other,Forced air,,Single Family,In Unit,2390
29333865.0,5.0,5.0,3586.0,30.28765,-97.767761,0,0,2.0,Central,Forced air,7630.0,Single Family,In Unit,11000
2086207037.0,,1.0,8572.0,,,1,1,,Central,Forced air,995.0,Apartment,Contact manager,1100
70326849.0,3.0,2.0,2115.0,30.293302,-97.64243,0,0,2.0,Central,Forced air,1800.0,Single Family,Contact manager,1950
2080324949.0,3.0,2.0,1200.0,30.2529,-97.731832,0,0,,Other,Forced air,,Single Family,In Unit,2750
29481460.0,4.0,2.0,2216.0,30.218876,-97.873261,1,1,2.0,Central,Forced air,2350.0,Single Family,Contact manager,2795
2080372032.0,3.0,2.0,1125.0,30.197312,-97.80690200000001,1,1,1.0,Central,Forced air,,Condo,In Unit,2000
2080634083.0,2.0,1.0,1011.0,30.204328999999998,-97.83723,0,0,1.0,Central,Forced air,,Multi Family,Contact manager,1550
29377368.0,3.0,2.0,1476.0,30.45187,-97.814815,1,1,2.0,Central,Forced air,1695.0,Single Family,Contact manager,1795
29355687.0,4.0,2.0,2602.0,,,0,0,2.0,Central,Forced air,3500.0,Single Family,In Unit,5000
110538996.0,3.0,3.0,2299.0,,,1,1,2.0,Central,Other,2500.0,Condo,In Unit,2595
29486616.0,3.0,2.0,1781.0,30.220059999999997,-97.860013,0,0,2.0,Central,Forced air,2150.0,Single Family,Contact manager,2200
58304638.0,3.0,2.0,1295.0,30.386484000000003,-97.67619,1,1,2.0,Central,Forced air,1720.0,Single Family,Contact manager,1875
29331364.0,4.0,4.0,5170.0,,,1,1,3.0,Central,Forced air,5725.0,Single Family,In Unit,6900
2080346047.0,1.0,1.0,600.0,30.17117,-97.76850999999999,1,1,,Central,Forced air,,Single Family,Contact manager,1600
2124034030.0,2.0,2.0,956.0,30.231146999999996,-97.881124,1,1,,Central,Forced air,1300.0,Multi Family,In Unit,999
58313372.0,1.0,1.0,700.0,30.226810999999998,-97.804299,0,1,,Other,Forced air,1119.0,Multi Family,In Unit,815
29459971.0,3.0,2.0,1347.0,30.245294,-97.58594599999999,1,1,2.0,Central,Forced air,1495.0,Single Family,Contact manager,1495
29351559.0,1.0,1.0,754.0,30.35107,-97.755617,1,1,1.0,Central,Forced air,1350.0,Condo,In Unit,1450
29494115.0,4.0,2.0,1699.0,30.200695,-97.841401,1,1,1.0,Central,Other,1800.0,Single Family,Contact manager,1699
2109250591.0,3.0,2.0,4314.0,30.324749,-97.684837,1,1,,Central,Forced air,1750.0,Multi Family,Contact manager,1350
2116756187.0,2.0,1.0,1236.0,30.299853999999996,-97.73248000000001,0,0,1.0,Other,Forced air,1700.0,Multi Family,Contact manager,1350
29401846.0,1.0,1.0,1936.0,30.308046,-97.72012099999999,1,1,1.0,Central,Forced air,2400.0,Multi Family,Shared,1245
29402133.0,3.0,2.0,1450.0,30.279190999999997,-97.719394,0,1,2.0,Other,Forced air,1850.0,Single Family,In Unit,2350
70334739.0,4.0,2.0,2711.0,30.153522,-97.743183,1,1,2.0,Central,Forced air,1725.0,Single Family,Contact manager,1825
70335111.0,3.0,2.0,1100.0,30.183605,-97.75936999999999,1,1,,Other,Forced air,1500.0,Single Family,In Unit,1450
29486249.0,3.0,2.0,1332.0,30.207773,-97.837524,1,1,2.0,Central,Forced air,1795.0,Single Family,In Unit,1795
29348686.0,2.0,2.0,1152.0,30.343617,-97.863734,1,1,,Central,Forced air,1800.0,Single Family,Contact manager,1995
29499905.0,3.0,2.0,1300.0,30.187544,-97.75275400000001,1,1,2.0,Other,Forced air,1600.0,Single Family,Contact manager,1395
29394979.0,3.0,2.0,1784.0,30.293946999999996,-97.706115,1,1,2.0,Central,Forced air,2500.0,Single Family,In Unit,3450
79980739.0,3.0,2.0,2521.0,,,1,1,2.0,Other,Forced air,2575.0,Single Family,Contact manager,2600
29505872.0,3.0,2.0,1067.0,30.184222,-97.804475,0,0,2.0,Central,Forced air,1550.0,Single Family,Contact manager,1495
70338384.0,3.0,2.0,1326.0,30.256010999999997,-97.574399,1,1,2.0,Central,Forced air,1550.0,Single Family,Contact manager,1550
2080308446.0,3.0,2.0,2350.0,,,0,0,,Other,Forced air,,Condo,In Unit,2350
2080560882.0,4.0,2.0,1991.0,30.183942,-97.81440699999999,1,1,,Other,Forced air,,Single Family,In Unit,2000
2088575364.0,2.0,1.0,720.0,30.337647999999998,-97.7149,1,1,,Central,Forced air,1279.0,Condo,Contact manager,1650
2080521631.0,4.0,2.0,1470.0,30.356153000000003,-97.664396,1,1,2.0,Central,Forced air,,Single Family,Contact manager,1750
29352318.0,3.0,3.0,2138.0,30.359954,-97.97454499999999,1,1,2.0,Other,Forced air,2210.0,Single Family,In Unit,2200
2080308923.0,1.0,1.0,576.0,30.244052000000003,-97.733908,0,0,1.0,Central,Other,,Multi Family,In Unit,1400
2110371397.0,1.0,1.0,700.0,30.27313,-97.75435,0,0,,Other,Forced air,1800.0,Multi Family,In Unit,2550
29340324.0,2.0,2.0,1500.0,30.311434000000002,-97.755015,1,1,2.0,Central,Other,3000.0,Townhouse,In Unit,2200
2088423551.0,1.0,1.0,500.0,30.308874,-97.746716,1,1,,Central,Other,1085.0,Apartment,Shared,979
241931969.0,3.0,3.0,1551.0,30.343117,-97.719803,1,1,1.0,Other,Forced air,2300.0,Townhouse,In Unit,2499
2093002694.0,2.0,1.0,3120.0,,,1,1,2.0,Central,Forced air,1402.0,Multi Family,Contact manager,920
80104098.0,4.0,2.0,2490.0,30.360491999999997,-97.642454,1,1,2.0,Other,Forced air,1750.0,Single Family,Contact manager,2095
2080278789.0,2.0,2.0,1144.0,30.399732,-97.702381,1,1,,Central,Forced air,,Townhouse,Contact manager,1275
2080301586.0,4.0,4.0,2192.0,30.352032,-97.996786,1,1,,Central,Forced air,,Condo,In Unit,3200
29486763.0,3.0,2.0,1505.0,30.218876,-97.873261,1,1,2.0,Central,Forced air,1800.0,Single Family,Contact manager,1800
145657500.0,3.0,2.0,1100.0,30.237846,-97.609277,0,0,1.0,Central,Forced air,1525.0,Single Family,Contact manager,1425
29351448.0,2.0,2.0,2132.0,,,1,1,2.0,Central,Forced air,2350.0,Single Family,In Unit,2700
29354587.0,3.0,2.0,2048.0,30.365296999999998,-97.982047,1,1,2.0,Central,Forced air,2300.0,Single Family,In Unit,3400
29433969.0,3.0,2.0,1607.0,30.387587,-97.69682399999999,1,1,2.0,Central,Forced air,1750.0,Single Family,Contact manager,1625
2117808568.0,3.0,2.0,1975.0,30.379134999999998,-97.956109,0,0,2.0,Central,Forced air,2250.0,Single Family,In Unit,2050
2103480247.0,3.0,2.0,2326.0,30.359289,-97.951885,1,1,2.0,Central,Forced air,1900.0,Multi Family,Contact manager,2475
251034947.0,4.0,3.0,2737.0,,,1,1,2.0,Central,Forced air,,Condo,Contact manager,3900
2094979109.0,1.0,1.0,748.0,30.267702000000003,-97.68470400000001,1,1,2.0,Central,Forced air,1690.0,Multi Family,In Unit,1400
125807231.0,4.0,2.0,2898.0,30.346263,-97.61663100000001,1,1,2.0,Other,Forced air,1750.0,Single Family,In Unit,2200
2080890928.0,2.0,2.0,1200.0,,,0,1,,Other,Forced air,,Apartment,In Unit,1500
29387053.0,2.0,1.0,696.0,30.268673,-97.685777,1,1,,Central,Forced air,1550.0,Single Family,Contact manager,1500
2125115116.0,2.0,1.0,1000.0,30.286512,-97.65891500000001,1,1,,Other,Forced air,1200.0,Townhouse,Contact manager,975
120895258.0,3.0,2.0,2101.0,30.147643,-97.743098,1,1,1.0,Central,Forced air,1750.0,Single Family,Contact manager,1995
29440935.0,3.0,2.0,1808.0,30.417890000000003,-97.69322,1,1,,Central,Forced air,1825.0,Single Family,Contact manager,1750
2119186809.0,2.0,2.0,1180.0,30.365919,-97.74460400000001,1,1,2.0,Other,Forced air,1850.0,Apartment,In Unit,1550
2083201740.0,2.0,1.0,903.0,30.301826000000002,-97.708519,1,1,,Central,Forced air,1450.0,Multi Family,Contact manager,1300
29440742.0,3.0,2.0,1440.0,30.417185999999997,-97.692357,0,0,2.0,Central,Forced air,1750.0,Single Family,Contact manager,1725
2080437824.0,3.0,2.0,1200.0,30.426771999999996,-97.759793,1,1,1.0,Central,Forced air,,Multi Family,Contact manager,1495
58317216.0,4.0,2.0,1680.0,30.197069,-97.74894300000001,1,1,1.0,Central,Forced air,1656.0,Single Family,Contact manager,1725
80092816.0,3.0,3.0,2573.0,30.279543,-97.62961899999999,1,1,1.0,Central,Forced air,1895.0,Single Family,In Unit,1945
70342844.0,4.0,2.0,2451.0,30.194594,-97.910048,1,1,2.0,Central,Other,2400.0,Single Family,In Unit,2450
29425652.0,3.0,2.0,1080.0,,,1,1,2.0,Central,Forced air,1600.0,Single Family,Contact manager,1595
2101794969.0,2.0,1.0,1100.0,30.306540000000002,-97.671727,0,1,,Other,Forced air,889.0,Apartment,Shared,1750
2113502908.0,3.0,2.0,2682.0,30.312596000000003,-97.753851,0,0,2.0,Central,Forced air,2325.0,Multi Family,In Unit,2395
251030674.0,3.0,2.0,1429.0,30.258999,-97.57695799999999,1,1,2.0,Central,Forced air,1550.0,Single Family,In Unit,1550
70344276.0,4.0,4.0,4865.0,30.332809,-97.957162,0,1,3.0,Other,Forced air,3500.0,Single Family,In Unit,4200
125088820.0,4.0,3.0,2480.0,30.373003999999998,-97.881799,1,1,2.0,Central,Forced air,2365.0,Single Family,Contact manager,3600
29456528.0,2.0,2.0,924.0,,,0,0,2.0,Other,Forced air,1450.0,Single Family,Contact manager,1500
29362984.0,2.0,2.0,1022.0,30.382934000000002,-97.75020400000001,1,1,1.0,Other,Forced air,1795.0,Apartment,In Unit,1600
145653130.0,2.0,2.0,1132.0,30.343740000000004,-97.71929200000001,0,0,1.0,Central,Forced air,1875.0,Single Family,Contact manager,2200
60135637.0,3.0,3.0,2834.0,30.154284999999998,-97.844499,1,1,2.0,Central,Forced air,1895.0,Single Family,Contact manager,2200
144953010.0,2.0,2.0,2254.0,,,0,0,3.0,Central,Other,2195.0,Single Family,Contact manager,3700
29475559.0,3.0,2.0,1864.0,30.245308,-97.83610999999999,0,0,2.0,Central,Forced air,2400.0,Single Family,In Unit,2900
80107522.0,4.0,3.0,2468.0,30.137420000000002,-97.768307,1,1,2.0,Central,Forced air,1875.0,Single Family,In Unit,1750
2080614369.0,2.0,1.0,1450.0,30.365919,-97.74460400000001,1,1,,Other,Forced air,,Apartment,Contact manager,1290
29482345.0,4.0,2.0,1400.0,30.216987,-97.77325,0,0,1.0,Other,Forced air,1650.0,Single Family,In Unit,2200
2112667164.0,3.0,2.0,1375.0,30.322109,-97.680861,1,1,3.0,Central,Forced air,1515.0,Multi Family,In Unit,1595
2080366809.0,2.0,1.0,1200.0,30.352408,-97.759074,1,1,1.0,Central,Forced air,,Multi Family,Contact manager,1795
2098358094.0,1.0,1.0,540.0,30.281009,-97.715298,0,0,,Other,Forced air,1100.0,Apartment,Shared,1225
29403999.0,3.0,2.0,1732.0,30.30885,-97.687636,1,1,,Other,Forced air,2051.0,Single Family,In Unit,2150
125090163.0,3.0,2.0,1582.0,30.387836,-97.65866199999999,0,0,1.0,Central,Other,1800.0,Condo,In Unit,2300
29476252.0,3.0,2.0,1417.0,30.23548,-97.7509,1,1,2.0,Other,Forced air,2100.0,Single Family,In Unit,3700
2086424829.0,2.0,1.0,1096.0,30.363718,-97.72233100000001,1,1,,Central,Forced air,1450.0,Multi Family,Contact manager,995
2080534634.0,3.0,2.0,1200.0,30.257948,-97.786918,1,1,2.0,Central,Forced air,,Multi Family,In Unit,3500
29416539.0,2.0,1.0,840.0,30.329688,-97.718497,1,1,2.0,Central,Forced air,1750.0,Single Family,In Unit,1850
2114030106.0,3.0,2.0,1449.0,30.436088,-97.67160600000001,1,1,1.0,Central,Forced air,1650.0,Multi Family,Contact manager,1395
2081334587.0,1.0,1.0,,30.400464000000003,-97.652823,1,1,,Other,Forced air,,Multi Family,In Unit,1255
29414507.0,2.0,2.0,1280.0,30.332068,-97.700181,1,1,,,Forced air,1650.0,Single Family,Contact manager,1850
29327296.0,,1.0,494.0,30.272529,-97.754311,1,1,,Other,Forced air,1595.0,Apartment,In Unit,1500
70335124.0,3.0,2.0,2056.0,30.178931,-97.759259,1,1,,Central,Forced air,1749.0,Single Family,In Unit,1795
29566511.0,4.0,2.0,1517.0,30.45638,-97.813982,0,0,2.0,Central,Forced air,1650.0,Single Family,Contact manager,1650
70326200.0,3.0,2.0,1408.0,30.268673,-97.685777,1,1,,Other,Forced air,2000.0,Single Family,In Unit,2400
29332590.0,4.0,2.0,2724.0,30.28159,-97.801299,0,1,2.0,Central,Forced air,4800.0,Single Family,In Unit,6125
2080351192.0,1.0,1.0,700.0,30.32205,-97.72234,1,1,,Other,Other,,Multi Family,Contact manager,925
29377944.0,4.0,2.0,2093.0,30.454156,-97.822061,0,0,2.0,Central,Forced air,1875.0,Single Family,Contact manager,2495
2081467481.0,1.0,1.0,,30.280442999999998,-97.747238,1,1,,Other,Forced air,,Apartment,Shared,1395
125807491.0,4.0,2.0,1900.0,30.401833,-97.64540799999999,1,1,2.0,Central,Forced air,1835.0,Single Family,Contact manager,1750
2121638642.0,4.0,2.0,2317.0,30.287091999999998,-97.720639,1,1,1.0,Central,Forced air,,Single Family,Contact manager,2800
29383202.0,3.0,2.0,1366.0,30.256840999999998,-97.715946,0,0,1.0,Other,Forced air,2500.0,Single Family,In Unit,2500
58306233.0,3.0,2.0,1328.0,30.417152,-97.719374,1,1,2.0,Central,Forced air,1875.0,Single Family,Contact manager,1745
29428259.0,2.0,2.0,1850.0,30.367882,-97.747614,1,1,2.0,Central,Forced air,2050.0,Townhouse,Contact manager,2450
29393559.0,3.0,2.0,1100.0,30.29263,-97.745522,0,0,2.0,Central,Forced air,1850.0,Condo,In Unit,2300
29422492.0,3.0,2.0,1204.0,30.360490999999996,-97.724677,1,1,2.0,Central,Forced air,1950.0,Single Family,Contact manager,2250
70326982.0,4.0,2.0,1690.0,30.279190999999997,-97.719394,1,1,2.0,Other,Forced air,1725.0,Single Family,In Unit,1750
2080293168.0,3.0,2.0,1100.0,30.315013,-97.683424,0,0,,Other,Forced air,,Single Family,In Unit,1800
58312179.0,3.0,2.0,1944.0,30.244348,-97.772851,0,1,1.0,Other,Forced air,3250.0,Single Family,In Unit,3300
2090967792.0,1.0,1.0,651.0,,,1,1,,Central,Forced air,995.0,Apartment,Contact manager,875
29367655.0,3.0,2.0,2057.0,30.422459999999997,-97.7668,1,1,2.0,Central,Forced air,2100.0,Single Family,Contact manager,2195
2096290982.0,2.0,1.0,1000.0,30.273595,-97.75705699999999,0,0,1.0,Central,Forced air,1800.0,Multi Family,In Unit,3300
2111050351.0,2.0,2.0,1750.0,30.361078000000003,-98.027167,0,0,,Central,Forced air,,Townhouse,In Unit,2300
2097447823.0,2.0,1.0,800.0,30.286440999999996,-97.710492,1,1,,Other,Other,1395.0,Multi Family,In Unit,1395
29341017.0,3.0,2.0,1818.0,30.314787,-97.916935,0,0,2.0,Central,Forced air,2295.0,Single Family,Contact manager,2400
71543459.0,3.0,1.0,1280.0,30.264144,-97.689615,1,1,,Central,Forced air,1750.0,Single Family,In Unit,1950
29487329.0,3.0,2.0,2433.0,30.218390000000003,-97.870522,1,1,2.0,Central,Other,2350.0,Single Family,Contact manager,2195
29452853.0,3.0,2.0,1814.0,30.458904999999998,-97.687425,0,1,2.0,Central,Forced air,1895.0,Single Family,Shared,1800
29338450.0,4.0,2.0,2466.0,30.308271,-97.929445,1,1,2.0,Central,Forced air,2550.0,Single Family,Contact manager,2875
2080332753.0,2.0,1.0,950.0,30.368305,-97.729611,1,1,,Central,Forced air,,Condo,Contact manager,1000
29347852.0,2.0,2.0,1814.0,30.346903,-97.756264,1,1,1.0,Central,Forced air,1850.0,Townhouse,Contact manager,1895
2110349688.0,,1.0,416.0,30.262812,-97.713973,1,1,,Central,Other,1550.0,Apartment,In Unit,1455
2080558929.0,3.0,2.0,1588.0,30.419141999999997,-97.76469300000001,0,1,,Other,Forced air,,Single Family,In Unit,2300
29349067.0,4.0,3.0,2192.0,30.351713,-97.99575899999999,1,1,,Central,Forced air,1840.0,Condo,In Unit,2800
29494014.0,3.0,2.0,1400.0,30.2026,-97.83549000000001,1,1,1.0,Other,Forced air,1750.0,Single Family,In Unit,1900
241933840.0,4.0,4.0,3635.0,30.315176,-97.985385,0,1,3.0,Central,Forced air,3250.0,Single Family,In Unit,3700
2080301371.0,2.0,1.0,808.0,30.277324,-97.706327,1,1,,Other,Other,,Multi Family,Contact manager,1200
2080292774.0,3.0,2.0,950.0,30.246610999999998,-97.77476800000001,0,1,,Central,Forced air,,Condo,Contact manager,2100
119624607.0,,1.0,602.0,30.39472,-97.652041,1,1,2.0,Other,Forced air,1199.0,Apartment,In Unit,915
2116779411.0,2.0,1.0,840.0,30.311546000000003,-97.718119,1,1,1.0,Central,Forced air,1650.0,Single Family,In Unit,1645
2139151077.0,2.0,1.0,1060.0,30.232589,-97.70196700000001,1,1,,Other,Forced air,,Single Family,In Unit,1950
2113117079.0,3.0,2.0,1910.0,,,1,1,,Central,Forced air,1900.0,Condo,In Unit,3450
2080368397.0,3.0,2.0,1500.0,30.277898999999998,-97.71204499999999,1,1,,Central,Forced air,,Condo,Contact manager,2700
29477632.0,4.0,2.0,1494.0,30.239395000000002,-97.896402,0,0,2.0,Central,Other,1645.0,Single Family,Contact manager,2100
29483963.0,4.0,2.0,1728.0,30.218545000000002,-97.861778,1,1,2.0,Central,Forced air,2050.0,Single Family,Contact manager,2100
80103145.0,4.0,2.0,1429.0,30.222955,-97.690828,0,1,2.0,Central,Forced air,1678.0,Single Family,In Unit,1900
29415474.0,2.0,1.0,893.0,30.336589,-97.706099,1,1,,Central,Other,1600.0,Multi Family,In Unit,1049
29487231.0,4.0,2.0,2219.0,30.218876,-97.873261,1,1,2.0,Central,Forced air,2399.0,Single Family,In Unit,2400
29442429.0,3.0,2.0,1502.0,30.417152,-97.719374,1,1,2.0,Central,Forced air,1995.0,Single Family,Contact manager,2100
2080981637.0,3.0,2.0,1803.0,30.333000000000002,-98.03301,1,1,2.0,Central,Forced air,,Single Family,Contact manager,2400
70337523.0,4.0,2.0,2646.0,30.36474,-97.90559,1,1,2.0,Central,Forced air,2500.0,Single Family,Contact manager,2600
2095950896.0,2.0,2.0,1821.0,30.198778000000004,-97.843239,1,1,1.0,Central,Forced air,1350.0,Multi Family,Contact manager,1315
29396967.0,3.0,2.0,1320.0,30.293302,-97.64243,1,1,1.0,Central,Forced air,1550.0,Single Family,In Unit,1475
64871505.0,2.0,1.0,936.0,30.283046999999996,-97.716513,1,1,,Other,Forced air,2050.0,Single Family,In Unit,2050
2093325500.0,2.0,1.0,840.0,30.414501,-97.73013,1,1,1.0,Central,Forced air,1250.0,Multi Family,Contact manager,1385
29477906.0,3.0,2.0,1745.0,30.238614000000002,-97.88830899999999,1,1,2.0,Central,Forced air,1850.0,Single Family,Contact manager,1800
305429557.0,3.0,2.0,1463.0,30.137420000000002,-97.768307,1,1,2.0,Central,Forced air,1700.0,Single Family,In Unit,1900
2080827745.0,2.0,2.0,2040.0,,,0,1,,Other,Forced air,,Apartment,In Unit,1950
2102402342.0,2.0,1.0,875.0,30.336153999999997,-97.708137,1,1,,Other,Other,1395.0,Apartment,Contact manager,999
29361764.0,4.0,4.0,3000.0,,,1,1,,Central,Forced air,1600.0,Single Family,Contact manager,5950
2080327427.0,1.0,1.0,3608.0,,,1,1,,Other,Other,,Condo,Contact manager,1050
70342192.0,3.0,2.0,2105.0,30.151704,-97.741886,0,0,2.0,Central,Forced air,1750.0,Single Family,Contact manager,1695
29357183.0,5.0,3.0,2622.0,30.36529,-97.897734,0,0,2.0,Central,Forced air,2350.0,Single Family,Contact manager,2500
62608392.0,3.0,2.0,1355.0,30.151709000000004,-97.840513,1,1,2.0,Central,Forced air,1675.0,Single Family,Contact manager,1625
29481194.0,3.0,2.0,1363.0,30.220059999999997,-97.860013,0,0,2.0,Central,Forced air,1900.0,Single Family,Contact manager,1925
29391493.0,2.0,1.0,800.0,30.270734,-97.685141,0,1,1.0,Other,Forced air,1575.0,Single Family,In Unit,1650
2130061629.0,1.0,1.0,587.0,30.28544,-97.71510699999999,1,1,,Central,Forced air,1175.0,Apartment,Contact manager,1045
2080503546.0,2.0,1.0,1000.0,30.238121000000003,-97.76545899999999,1,1,,Other,Forced air,,Single Family,Contact manager,2000
29329448.0,6.0,5.0,3045.0,30.284433,-97.76886999999999,1,1,2.0,Other,Forced air,3750.0,Single Family,In Unit,6000
2121543833.0,2.0,1.0,2251.0,30.381818,-97.75206800000001,0,0,2.0,Central,Forced air,1650.0,Multi Family,Contact manager,1750
79980940.0,3.0,2.0,1848.0,30.249481,-97.893372,0,0,2.0,Central,Forced air,2100.0,Condo,Contact manager,3600
2080499377.0,2.0,2.0,2035.0,30.181296000000003,-97.836228,1,1,1.0,Central,Forced air,,Multi Family,Contact manager,1445
145652308.0,4.0,3.0,2822.0,30.409755999999998,-97.931545,1,1,2.0,Central,Forced air,2550.0,Single Family,In Unit,4500
2080280400.0,3.0,2.0,1625.0,30.337647999999998,-97.7149,0,0,,Other,Other,,Condo,Contact manager,2750
2080264714.0,3.0,2.0,1752.0,30.162912,-97.822896,1,1,2.0,Central,Forced air,,Condo,Contact manager,1900
2080584461.0,2.0,2.0,2558.0,,,1,1,,Central,Forced air,,Multi Family,Contact manager,1650
29334488.0,4.0,5.0,7558.0,,,0,0,4.0,Central,Forced air,2200.0,Single Family,Contact manager,15000
83833350.0,3.0,2.0,1727.0,30.281409000000004,-97.629832,0,0,2.0,Central,Forced air,1750.0,Single Family,Contact manager,1700
2080636607.0,3.0,2.0,2500.0,,,0,1,,Other,Forced air,,Single Family,Contact manager,2500
80105609.0,3.0,2.0,2264.0,30.295863,-97.7011,0,0,2.0,Central,Forced air,3050.0,Single Family,In Unit,3600
29357941.0,5.0,3.0,2848.0,30.374876,-97.982461,0,0,,Central,Forced air,2600.0,Single Family,In Unit,5000
29336492.0,2.0,2.0,1020.0,,,0,0,1.0,Central,Forced air,1900.0,Multi Family,In Unit,2000
2083290328.0,2.0,1.0,909.0,30.277401,-97.80775899999999,1,1,1.0,Central,Forced air,1800.0,Multi Family,In Unit,1670
29353739.0,4.0,3.0,2667.0,30.362814,-97.779798,0,0,2.0,Other,Forced air,3500.0,Single Family,In Unit,3995
2083950973.0,3.0,2.0,1569.0,30.319836,-97.71776899999999,1,1,,Other,Forced air,2800.0,Condo,In Unit,3400
119625829.0,3.0,2.0,2068.0,30.348637,-97.616939,0,0,2.0,Central,Forced air,1709.0,Single Family,Contact manager,1695
2080418009.0,3.0,2.0,1236.0,30.175205,-97.799116,1,1,,Other,Forced air,,Apartment,In Unit,1700
2080401920.0,4.0,3.0,2088.0,30.222198,-97.693627,1,1,,Other,Forced air,,Single Family,In Unit,2500
29490366.0,3.0,2.0,1333.0,30.207704999999997,-97.837963,0,0,2.0,Central,Forced air,1795.0,Single Family,Contact manager,1895
2080385948.0,2.0,2.0,997.0,30.322144,-97.72726899999999,1,1,,Other,Forced air,,Apartment,In Unit,1375
58312469.0,3.0,1.0,3100.0,,,1,1,3.0,Other,Forced air,2100.0,Single Family,In Unit,2900
29345407.0,3.0,3.0,2633.0,30.342378999999998,-97.990844,1,1,4.0,Central,Forced air,2500.0,Single Family,Contact manager,2600
2101477930.0,1.0,1.0,800.0,30.352126000000002,-97.72616500000001,1,1,,Other,Forced air,,Townhouse,In Unit,999
2081284197.0,3.0,2.0,1200.0,30.375448,-97.934768,1,1,,Central,Other,,Single Family,Contact manager,1735
251031800.0,4.0,3.0,2385.0,30.332289000000003,-98.039327,1,1,2.0,Central,Forced air,2700.0,Single Family,Contact manager,2995
2081118416.0,3.0,2.0,1936.0,30.296319,-97.6723,0,0,2.0,Central,Forced air,,Single Family,Contact manager,3750
58305062.0,2.0,2.0,1275.0,30.413533,-97.741231,1,1,1.0,Other,Forced air,1775.0,Single Family,In Unit,2000
29493225.0,3.0,2.0,1469.0,30.246610999999998,-97.77476800000001,1,1,2.0,Central,Forced air,1950.0,Single Family,In Unit,1995
29479884.0,2.0,1.0,768.0,30.222561,-97.786404,1,1,,Central,Forced air,1750.0,Single Family,Contact manager,1795
2087046097.0,2.0,1.0,738.0,,,1,1,,Other,Other,1225.0,Apartment,Contact manager,1100
2080782240.0,1.0,1.0,687.0,30.339931,-97.718568,1,1,,Other,Forced air,,Apartment,In Unit,1278
2092582245.0,3.0,2.0,1632.0,,,0,0,2.0,Central,Forced air,1800.0,Single Family,Contact manager,1795
2107624998.0,1.0,1.0,888.0,30.269091999999997,-97.751834,1,1,,Other,Forced air,,Multi Family,In Unit,1984
121656460.0,4.0,3.0,2515.0,30.369715000000003,-97.747268,1,1,2.0,Central,Forced air,3023.0,Single Family,In Unit,3850
70348382.0,2.0,1.0,1225.0,30.260968,-97.725164,0,1,,Other,Forced air,2295.0,Apartment,In Unit,2350
29490883.0,3.0,2.0,1524.0,30.214165,-97.84915600000001,1,1,2.0,Other,Forced air,1795.0,Single Family,In Unit,2400
29429497.0,2.0,1.0,975.0,30.371363,-97.73668599999999,1,1,2.0,Other,Forced air,1610.0,Single Family,In Unit,1450
83126037.0,3.0,2.0,1300.0,30.240140999999998,-97.575843,1,1,,Central,Forced air,1495.0,Single Family,In Unit,1400
2094248348.0,2.0,2.0,924.0,30.200945,-97.811502,1,1,1.0,Central,Forced air,1450.0,Multi Family,Contact manager,1450
29396206.0,2.0,1.0,1200.0,30.287091999999998,-97.720639,1,1,4.0,Central,Forced air,2000.0,Single Family,Contact manager,2200
29346802.0,3.0,2.0,1396.0,30.340947999999997,-97.86361600000001,1,1,2.0,Other,Forced air,2075.0,Single Family,Contact manager,2350
29405340.0,3.0,2.0,1104.0,30.3169,-97.710649,1,1,2.0,Central,Forced air,1800.0,Single Family,In Unit,1995
2129757420.0,2.0,2.0,1333.0,30.412694000000002,-97.731196,1,1,2.0,Central,Forced air,1900.0,Multi Family,In Unit,1890
250997770.0,4.0,2.0,1680.0,,,0,0,2.0,Central,Forced air,1900.0,Single Family,In Unit,1900
2080882249.0,3.0,2.0,1338.0,30.257737,-97.57639300000001,1,1,2.0,Central,Forced air,,Single Family,Contact manager,1550
2089567889.0,2.0,1.0,800.0,30.368103,-97.722833,1,1,,Other,Other,1400.0,Multi Family,Shared,1099
2080318364.0,6.0,3.0,,30.238834999999998,-97.729794,0,0,,Other,Forced air,,Apartment,In Unit,599
2125676808.0,2.0,1.0,850.0,30.294393,-97.733799,1,1,2.0,Central,Forced air,1500.0,Apartment,,1775
250997494.0,4.0,3.0,3430.0,30.434509999999996,-97.84312,0,0,2.0,Central,Other,2600.0,Condo,Contact manager,3950
145654324.0,2.0,2.0,925.0,30.288165000000003,-97.72575,1,1,1.0,Other,Forced air,2000.0,Apartment,Contact manager,2000
2080389589.0,2.0,1.0,1984.0,30.249481,-97.893372,1,1,1.0,Central,Forced air,,Multi Family,Contact manager,1400
29515799.0,4.0,3.0,3939.0,,,0,0,2.0,Other,Forced air,2500.0,Single Family,In Unit,4000
29390800.0,5.0,3.0,2029.0,30.280855,-97.747293,0,0,,Other,Forced air,2500.0,Single Family,In Unit,5500
303836270.0,4.0,3.0,2922.0,30.170332000000002,-97.91501099999999,1,1,2.0,Central,Forced air,3200.0,Single Family,Contact manager,3900
29442543.0,3.0,2.0,1836.0,30.427577000000003,-97.721397,1,1,2.0,Central,Forced air,1900.0,Single Family,In Unit,1950
80092930.0,4.0,2.0,3252.0,30.196067,-97.904477,1,1,3.0,Central,Forced air,3094.0,Single Family,Contact manager,3095
2139496314.0,3.0,2.0,1825.0,30.200831,-97.77565799999999,1,1,,Central,Forced air,1750.0,Multi Family,In Unit,2350
2099704850.0,3.0,2.0,1049.0,30.454751,-97.805582,1,1,2.0,Central,Forced air,1450.0,Multi Family,In Unit,1450
64456669.0,6.0,5.0,5587.0,30.425281,-97.934308,1,1,3.0,Central,Forced air,4235.0,Single Family,In Unit,5500
58304718.0,2.0,1.0,1136.0,30.387836,-97.65866199999999,1,1,1.0,Central,Forced air,1425.0,Condo,In Unit,1350
29398521.0,4.0,2.0,1495.0,30.303328000000004,-97.679361,1,1,2.0,Central,Forced air,1875.0,Single Family,Contact manager,1950
119622755.0,3.0,2.0,1485.0,30.469855,-97.68238000000001,1,1,1.0,Central,Forced air,1750.0,Single Family,In Unit,1700
2080394406.0,2.0,1.0,860.0,30.225438,-97.74314,1,1,,Other,Forced air,,Apartment,In Unit,1475
29340923.0,4.0,3.0,2608.0,30.317248,-97.918296,1,1,2.0,Central,Forced air,2650.0,Single Family,Contact manager,2750
29412434.0,1.0,1.0,650.0,30.326801,-97.732176,1,1,,Other,Other,1100.0,Apartment,Shared,1100
2097957630.0,1.0,1.0,400.0,30.328413,-97.732609,1,1,,Other,Other,1100.0,Apartment,Shared,950
2080586266.0,1.0,1.0,900.0,30.206193,-97.864592,1,1,,Other,Forced air,,Multi Family,In Unit,1450
29373906.0,4.0,3.0,2698.0,30.433286,-97.78429799999999,1,0,2.0,Other,Forced air,2500.0,Single Family,In Unit,2700
2093872306.0,2.0,2.0,1140.0,30.369797,-97.9741,0,0,,Other,Forced air,1465.0,Apartment,In Unit,1325
29409773.0,2.0,1.0,1083.0,30.3169,-97.710649,1,1,,Other,Forced air,1650.0,Single Family,In Unit,2195
2080364894.0,2.0,1.0,841.0,30.162212,-97.79619699999999,1,1,,Other,Forced air,,Apartment,In Unit,2120
29478255.0,1.0,1.0,684.0,,,1,0,,Other,Forced air,2300.0,Single Family,In Unit,1400
63228653.0,4.0,2.0,2697.0,,,1,1,1.0,Other,Forced air,1800.0,Single Family,Contact manager,1895
29444366.0,3.0,2.0,1566.0,30.42535,-97.719072,1,1,2.0,Central,Forced air,1850.0,Single Family,Contact manager,1850
29390211.0,3.0,2.0,864.0,30.280528000000004,-97.68981099999999,0,0,1.0,Central,Forced air,1650.0,Single Family,In Unit,1800
2080351913.0,3.0,1.0,1336.0,,,1,1,,Other,Forced air,,Single Family,Contact manager,1550
119625071.0,5.0,5.0,4134.0,30.328494,-98.002781,0,1,3.0,Central,Forced air,3495.0,Single Family,In Unit,6000
29367053.0,2.0,3.0,3859.0,30.415940999999997,-97.94046800000001,0,0,2.0,Central,Forced air,2500.0,Single Family,Contact manager,5500
241934761.0,3.0,2.0,1330.0,30.26084,-97.72639000000001,1,1,1.0,Central,Forced air,2100.0,Multi Family,In Unit,2450
251032341.0,3.0,2.0,1300.0,30.138979,-97.767626,0,0,2.0,Central,Forced air,1650.0,Single Family,Contact manager,1750
2080900547.0,1.0,1.0,1500.0,,,1,1,,Other,Forced air,,Single Family,In Unit,1975
110539336.0,2.0,2.0,1853.0,30.263882000000002,-97.74537,0,0,2.0,Central,Forced air,3500.0,Condo,Contact manager,10000
58298870.0,3.0,2.0,1738.0,30.376687,-97.796981,1,1,2.0,Central,Forced air,2200.0,Single Family,In Unit,2500
58306034.0,3.0,2.0,1594.0,30.414275,-97.724262,1,1,2.0,Central,Forced air,1850.0,Single Family,In Unit,3250
241931123.0,3.0,2.0,1314.0,30.342871000000002,-97.719596,0,0,1.0,Central,Forced air,2100.0,Townhouse,In Unit,2600
29454057.0,5.0,2.0,2326.0,30.458904999999998,-97.687425,0,0,1.0,Other,Forced air,2400.0,Single Family,In Unit,3000
29401925.0,2.0,1.0,1100.0,30.305048,-97.71463,1,1,1.0,Other,Forced air,1800.0,Single Family,In Unit,1950
29339750.0,4.0,2.0,2235.0,30.312239,-97.91604,1,1,2.0,Central,Forced air,2700.0,Single Family,Contact manager,2700
29357928.0,5.0,3.0,3496.0,30.374495,-97.982068,1,1,3.0,Other,Forced air,3500.0,Single Family,In Unit,3900
2102848942.0,3.0,2.0,1200.0,30.372059999999998,-97.736598,1,1,,Other,Forced air,1737.0,Apartment,In Unit,1650
70324056.0,4.0,3.0,3702.0,30.352960999999997,-97.957245,1,1,3.0,Other,Forced air,3500.0,Single Family,In Unit,3995
2080407476.0,,1.0,,30.410909999999998,-97.723155,1,1,,Other,Forced air,,Apartment,Shared,1375
80090342.0,4.0,2.0,2544.0,,,1,1,2.0,Central,Forced air,2000.0,Single Family,Contact manager,2095
2097821489.0,2.0,1.0,882.0,30.433533,-97.776749,0,0,1.0,Central,Forced air,1295.0,Multi Family,In Unit,1245
64626684.0,3.0,2.0,1390.0,30.151704,-97.741886,1,1,1.0,Central,Forced air,1550.0,Single Family,Contact manager,1595
29459852.0,3.0,3.0,1664.0,30.242496999999997,-97.58592900000001,1,1,2.0,Central,Other,1550.0,Single Family,Contact manager,1595
2086781059.0,2.0,1.0,668.0,30.376579,-97.66809599999999,1,0,,Central,Forced air,1090.0,Multi Family,Contact manager,915
2080546651.0,3.0,2.0,1100.0,30.228234999999998,-97.74029499999999,1,1,1.0,Central,Forced air,,Multi Family,Contact manager,1795
29326128.0,4.0,3.0,3352.0,30.263022999999997,-97.807187,1,1,2.0,Central,Other,4600.0,Single Family,In Unit,6200
251033162.0,3.0,2.0,1423.0,30.171915999999996,-97.698413,1,1,1.0,Other,Forced air,1750.0,Single Family,Contact manager,1795
29334472.0,5.0,5.0,5000.0,,,1,1,3.0,Central,Forced air,4200.0,Single Family,In Unit,5900
2089278514.0,2.0,2.0,1065.0,30.395033,-97.66986899999999,1,1,1.0,Central,Forced air,2000.0,Multi Family,In Unit,2500
29462614.0,3.0,2.0,1201.0,30.237556,-97.58720600000001,1,1,2.0,Other,Forced air,1450.0,Single Family,In Unit,1400
2082260701.0,2.0,1.0,1011.0,30.200945,-97.811502,1,1,1.0,Central,Forced air,1410.0,Multi Family,Contact manager,1425
29436592.0,3.0,2.0,1720.0,30.397855,-97.690053,1,1,2.0,Central,Forced air,1850.0,Single Family,In Unit,1850
2080518408.0,3.0,2.0,1291.0,30.276515000000003,-97.685784,0,0,,,,,,,2200
83830387.0,4.0,3.0,2710.0,30.367478000000002,-97.956168,0,1,2.0,Central,Other,2800.0,Single Family,Contact manager,2950
2082840257.0,3.0,2.0,1900.0,30.1369,-97.7603,0,1,2.0,Central,Forced air,,Single Family,In Unit,1995
29326571.0,4.0,3.0,2466.0,,,0,1,2.0,Other,Forced air,4600.0,Single Family,In Unit,5500
70326599.0,3.0,2.0,2668.0,30.282448,-97.64831600000001,0,0,2.0,Central,Forced air,2600.0,Single Family,Contact manager,4000
29342717.0,3.0,2.0,1727.0,30.301826000000002,-97.708519,1,1,1.0,Central,Forced air,2550.0,Single Family,Contact manager,2495
2081572425.0,1.0,1.0,823.0,30.197069,-97.74894300000001,0,0,,Other,Other,,Townhouse,Contact manager,1008
29412487.0,3.0,1.0,985.0,30.301826000000002,-97.708519,0,0,1.0,Other,Forced air,1775.0,Single Family,In Unit,1700
29354383.0,3.0,3.0,2324.0,30.365136,-97.97151,1,1,2.0,Central,Forced air,2500.0,Single Family,In Unit,3700
2080584076.0,1.0,1.0,481.0,30.400562,-97.705301,1,1,,Other,Forced air,,Apartment,Shared,880
29369178.0,3.0,2.0,1850.0,30.419314,-97.75777099999999,1,1,2.0,Central,Forced air,1900.0,Single Family,Contact manager,1900
29345643.0,2.0,1.0,1225.0,30.338308,-97.75119000000001,1,1,2.0,Other,Forced air,1754.0,Townhouse,In Unit,1475
249668884.0,4.0,2.0,2586.0,30.354946,-97.661384,1,1,2.0,Central,Forced air,1995.0,Single Family,Contact manager,1995
29396277.0,5.0,4.0,2800.0,30.287156,-97.722551,0,0,,Central,Other,3500.0,Single Family,In Unit,4000
2080717802.0,,1.0,400.0,30.28404,-97.747899,1,1,,Other,Other,,Apartment,Shared,925
29452871.0,3.0,2.0,1808.0,30.448252,-97.681497,0,0,2.0,Central,Forced air,1900.0,Single Family,Contact manager,1850
29336099.0,4.0,3.0,2135.0,30.295659000000004,-97.768564,0,0,3.0,Central,Forced air,3650.0,Single Family,Contact manager,4500
251036097.0,5.0,3.0,2407.0,30.172528999999997,-97.698025,1,1,2.0,Other,Forced air,1995.0,Single Family,In Unit,1995
29483169.0,2.0,2.0,1179.0,30.213848,-97.80588399999999,1,1,1.0,Central,Other,1550.0,Townhouse,In Unit,1600
29497183.0,3.0,2.0,1328.0,30.193436,-97.78564899999999,0,0,2.0,Central,Forced air,1795.0,Single Family,Contact manager,1800
2080398827.0,1.0,1.0,807.0,30.249481,-97.893372,1,1,,Other,Forced air,,Multi Family,Contact manager,1169
124719441.0,2.0,2.0,950.0,30.354219,-97.73569300000001,0,0,,Other,Forced air,1810.0,Condo,In Unit,2275
251033202.0,5.0,3.0,2407.0,30.171915999999996,-97.698413,1,1,2.0,Other,Forced air,1995.0,Single Family,Contact manager,2095
2085080160.0,1.0,1.0,702.0,30.44308,-97.672825,1,1,,Other,Forced air,1106.0,Apartment,In Unit,1040
29495658.0,3.0,2.0,1264.0,30.20055,-97.84163199999999,1,1,2.0,Central,Forced air,1675.0,Single Family,Contact manager,1800
29443970.0,4.0,4.0,3388.0,,,0,1,2.0,Other,Forced air,2800.0,Single Family,In Unit,2950
2082851308.0,2.0,1.0,900.0,30.34582,-97.77189,1,1,,Other,Forced air,,Apartment,Shared,1395
29482148.0,1.0,1.0,525.0,30.210603999999996,-97.765456,1,1,4.0,Other,Forced air,1247.0,Single Family,Contact manager,1200
29503012.0,3.0,1.0,1000.0,30.178931,-97.759259,1,1,1.0,Other,Forced air,1350.0,Single Family,Contact manager,1250
29502466.0,3.0,1.0,955.0,30.190308,-97.750867,1,1,1.0,Central,Forced air,1400.0,Single Family,Contact manager,1395
2082599184.0,3.0,2.0,1721.0,30.3577,-97.6447,0,0,2.0,Central,Forced air,1750.0,Townhouse,Contact manager,1745
251033131.0,4.0,3.0,2118.0,30.170675,-97.698729,1,1,1.0,Other,Forced air,1995.0,Single Family,Contact manager,1995
29400077.0,3.0,2.0,1128.0,30.300612,-97.687318,1,1,1.0,Central,Forced air,1750.0,Single Family,In Unit,1750
251028181.0,4.0,3.0,2406.0,30.469855,-97.68238000000001,1,1,2.0,Central,Forced air,2150.0,Single Family,In Unit,2195
29501053.0,3.0,2.0,2065.0,30.187437,-97.81832,0,0,2.0,Central,Forced air,2200.0,Single Family,In Unit,2200
2080278787.0,3.0,3.0,1950.0,30.245165999999998,-97.782531,0,1,2.0,Central,Forced air,,Condo,In Unit,3790
83832183.0,2.0,2.0,983.0,30.246610999999998,-97.77476800000001,0,0,2.0,Central,Forced air,3000.0,Condo,Contact manager,3800
241931830.0,3.0,2.0,1683.0,30.278409999999997,-97.691512,1,1,1.0,Other,Other,2499.0,Townhouse,Contact manager,2650
29344241.0,3.0,2.0,1706.0,30.33553,-97.745293,1,1,2.0,Central,Forced air,2850.0,Single Family,In Unit,3450
29329836.0,2.0,2.0,812.0,30.284035999999997,-97.761504,1,1,,Other,Forced air,1850.0,Condo,In Unit,2450
2126967399.0,2.0,1.0,1120.0,30.38465,-97.706163,1,1,,Other,Forced air,1375.0,Apartment,In Unit,1375
64581643.0,3.0,2.0,1242.0,30.151946000000002,-97.73911700000001,1,1,1.0,Central,Forced air,1500.0,Single Family,Contact manager,1500
2094306137.0,1.0,1.0,400.0,30.30776,-97.728514,1,1,,Central,Forced air,910.0,Apartment,Contact manager,975
2080542387.0,2.0,1.0,780.0,30.177453000000003,-97.82822,0,0,,Other,Other,,Multi Family,Contact manager,950
29474437.0,3.0,2.0,1902.0,,,0,0,4.0,Central,Forced air,1800.0,Single Family,Contact manager,2400
2080343162.0,1.0,1.0,600.0,30.17117,-97.76850999999999,1,1,,Central,Forced air,,Single Family,Contact manager,1600
29411909.0,2.0,1.0,1360.0,30.321578999999996,-97.72483299999999,1,1,2.0,Other,Forced air,1750.0,Single Family,In Unit,2250
58301274.0,3.0,2.0,1057.0,,,0,0,1.0,Other,Forced air,1480.0,Single Family,In Unit,1500
29445428.0,4.0,2.0,2691.0,,,0,0,2.0,Central,Forced air,2200.0,Single Family,Contact manager,2150
58303987.0,3.0,2.0,1671.0,30.391475,-97.69611,0,0,2.0,Central,Forced air,1950.0,Single Family,Contact manager,1950
29567050.0,4.0,2.0,2084.0,30.45187,-97.814815,0,1,2.0,Central,Forced air,1800.0,Single Family,Contact manager,1950
29383278.0,4.0,3.0,2298.0,30.256840999999998,-97.715946,1,1,1.0,Central,Forced air,1845.0,Single Family,Contact manager,5500
29395898.0,2.0,1.0,1549.0,30.292607,-97.73099300000001,1,1,3.0,Central,Forced air,2400.0,Multi Family,Shared,2400
2080269411.0,3.0,2.0,1396.0,30.321781,-97.719381,1,1,,Central,Forced air,,Condo,In Unit,2400
29363138.0,5.0,3.0,3225.0,,,0,1,2.0,Other,Forced air,3400.0,Single Family,In Unit,3400
114405491.0,3.0,2.0,1740.0,30.266916,-97.718577,1,1,1.0,Central,Forced air,3000.0,Single Family,Contact manager,3395
29459818.0,3.0,2.0,1691.0,30.245294,-97.58594599999999,0,0,1.0,Central,Forced air,1495.0,Single Family,Contact manager,1850
2080368930.0,2.0,1.0,830.0,30.325452000000002,-97.737976,0,1,,Other,Forced air,,Apartment,In Unit,1550
2113351335.0,2.0,2.0,1560.0,30.244506,-97.753366,0,1,2.0,Other,Forced air,3209.0,Condo,In Unit,3175
29337932.0,3.0,1.0,1056.0,30.300234999999997,-97.789626,0,1,2.0,Other,Forced air,2250.0,Single Family,In Unit,3200
29443369.0,4.0,2.0,1410.0,30.421568,-97.679488,1,1,2.0,Central,Forced air,1675.0,Single Family,Contact manager,1675
29511783.0,4.0,3.0,3269.0,,,0,1,3.0,Central,Forced air,2925.0,Single Family,In Unit,2950
29420943.0,4.0,2.0,2185.0,30.343878999999998,-97.68770699999999,1,1,6.0,Other,Forced air,2400.0,Single Family,In Unit,3200
29390070.0,2.0,2.0,1350.0,30.280362,-97.704576,1,1,,Other,Forced air,2300.0,Single Family,In Unit,2800
88026773.0,4.0,3.0,2798.0,30.453376000000002,-97.814791,0,0,2.0,Other,Forced air,2500.0,Single Family,Contact manager,2100
2088321236.0,3.0,2.0,1520.0,30.218183000000003,-97.634998,1,1,2.0,Central,Other,1950.0,Single Family,In Unit,1995
2080853633.0,3.0,3.0,1951.0,30.345503000000004,-97.755871,0,0,2.0,Central,Forced air,,Multi Family,In Unit,2850
29356929.0,4.0,3.0,3551.0,30.378739000000003,-97.879362,1,1,2.0,Central,Forced air,3199.0,Single Family,In Unit,3200
2121264147.0,2.0,2.0,699.0,30.342297,-97.737951,1,0,1.0,Other,Forced air,1350.0,Condo,In Unit,1350
2080363516.0,1.0,1.0,1141.0,30.321983000000003,-97.729038,1,1,,Other,Forced air,,Apartment,In Unit,2219
29342430.0,4.0,3.0,2003.0,30.334235999999997,-97.86869,1,1,2.0,Central,Forced air,2500.0,Single Family,In Unit,2850
2080384707.0,3.0,2.0,1512.0,30.293664,-97.628663,0,1,2.0,Central,Forced air,,Single Family,Contact manager,1550
70342299.0,3.0,2.0,2068.0,30.193436,-97.78564899999999,1,1,2.0,Central,Forced air,1780.0,Single Family,Contact manager,1595
2080534732.0,3.0,2.0,1478.0,30.247726,-97.861739,1,1,,Other,Forced air,,Apartment,In Unit,1999
29449639.0,3.0,3.0,2076.0,30.437216999999997,-97.680607,1,1,2.0,Central,Other,1805.0,Single Family,Contact manager,1595
2081987376.0,1.0,1.0,756.0,30.283208000000002,-97.760858,0,1,,Central,Other,1767.0,Apartment,In Unit,1550
62605442.0,2.0,2.0,1593.0,30.282401,-97.745188,0,0,2.0,Central,Forced air,2295.0,Condo,In Unit,2295
29333663.0,3.0,2.0,1724.0,30.26084,-97.72639000000001,1,1,2.0,Central,Forced air,3000.0,Single Family,In Unit,3000
29567332.0,4.0,3.0,2205.0,30.45161,-97.8199,1,1,2.0,Central,Forced air,1795.0,Single Family,In Unit,1995
